TIMESTAMP;DB_SET/QUERY;JOIN_PERMUTATION;JOIN_ID;FEATURES_1;FEATURES_2;FEATURES_MIX
// CREATED AT [2023-11-22T14:46:49]
[2023-11-22T14:46:49];ssb/q11;0;0;{"length": 2725069.2466643276, "unique": 2406, "row_size": 5072, "cache_age": 5};{"length": 365.2857142857143, "unique": 2557, "row_size": 11048, "cache_age": 5};{"selectivity": 0.0007093088955621289}
[2023-11-22T14:46:50];ssb/q12;0;0;{"length": 4672436.761291965, "unique": 2406, "row_size": 5072, "cache_age": 5};{"length": 30.44047619047619, "unique": 2557, "row_size": 11048, "cache_age": 5};{"selectivity": 0.0007093088955621289}
[2023-11-22T14:46:50];ssb/q13;0;0;{"length": 4951480.664864763, "unique": 2406, "row_size": 5072, "cache_age": 5};{"length": 6.8921832884097025, "unique": 2557, "row_size": 11048, "cache_age": 5};{"selectivity": 0.0007093088955621289}
[2023-11-22T14:46:51];ssb/q21;0,1,2;0;{"length": 59986217.0, "unique": 2406, "row_size": 5072, "cache_age": 5};{"length": 2557.0, "unique": 2557, "row_size": 11048, "cache_age": 5};{"selectivity": 0.0007093088955621289}
[2023-11-22T14:46:51];ssb/q21;0,1,2;1;{"length": 108797172.49081604, "unique": 600000, "row_size": 16120, "cache_age": 5};{"length": 32301.000000000004, "unique": 800000, "row_size": 14520, "cache_age": 5};{"selectivity": 0.00011658287680508012}
[2023-11-22T14:46:51];ssb/q21;0,1,2;2;{"length": 409702245.5261401, "unique": 20000, "row_size": 30640, "cache_age": 5};{"length": 4102.0, "unique": 20000, "row_size": 12400, "cache_age": 5};{"selectivity": 0.00019999999999999337}
[2023-11-22T14:46:52];ssb/q22;0,1,2;0;{"length": 59986217.0, "unique": 2406, "row_size": 5072, "cache_age": 5};{"length": 2557.0, "unique": 2557, "row_size": 11048, "cache_age": 5};{"selectivity": 0.0007093088955621289}
[2023-11-22T14:46:52];ssb/q22;0,1,2;1;{"length": 108797172.49081604, "unique": 600000, "row_size": 16120, "cache_age": 5};{"length": 87120.0, "unique": 800000, "row_size": 14520, "cache_age": 5};{"selectivity": 0.00011658287680508012}
[2023-11-22T14:46:52];ssb/q22;0,1,2;2;{"length": 1105020266.5625622, "unique": 20000, "row_size": 30640, "cache_age": 5};{"length": 4001.0, "unique": 20000, "row_size": 12400, "cache_age": 5};{"selectivity": 0.00019999999999999337}
[2023-11-22T14:46:52];ssb/q23;0,1,2;0;{"length": 59986217.0, "unique": 2406, "row_size": 5072, "cache_age": 5};{"length": 2557.0, "unique": 2557, "row_size": 11048, "cache_age": 5};{"selectivity": 0.0007093088955621289}
[2023-11-22T14:46:52];ssb/q23;0,1,2;1;{"length": 108797172.49081604, "unique": 600000, "row_size": 16120, "cache_age": 5};{"length": 829.0, "unique": 800000, "row_size": 14520, "cache_age": 5};{"selectivity": 0.00011658287680508012}
[2023-11-22T14:46:52];ssb/q23;0,1,2;2;{"length": 10514942.619150184, "unique": 20000, "row_size": 30640, "cache_age": 5};{"length": 3972.0, "unique": 20000, "row_size": 12400, "cache_age": 5};{"selectivity": 0.00019999999999999337}
[2023-11-22T14:46:53];ssb/q31;0,1,2;0;{"length": 59986217.0, "unique": 200000, "row_size": 5072, "cache_age": 5};{"length": 60535.0, "unique": 300000, "row_size": 14456, "cache_age": 5};{"selectivity": 0.0001638026412376341}
[2023-11-22T14:46:53];ssb/q31;0,1,2;1;{"length": 594810903.8658448, "unique": 20000, "row_size": 19528, "cache_age": 5};{"length": 4001.0, "unique": 20000, "row_size": 12400, "cache_age": 5};{"selectivity": 0.00019999999999999337}
[2023-11-22T14:46:53];ssb/q31;0,1,2;2;{"length": 475967685.2734333, "unique": 2406, "row_size": 31928, "cache_age": 5};{"length": 1198.1964460305155, "unique": 2557, "row_size": 11048, "cache_age": 5};{"selectivity": 0.0007093088955621289}
[2023-11-22T14:46:54];ssb/q32;0,1,2;0;{"length": 59986217.0, "unique": 200000, "row_size": 5072, "cache_age": 5};{"length": 11913.0, "unique": 300000, "row_size": 14456, "cache_age": 5};{"selectivity": 0.0001638026412376341}
[2023-11-22T14:46:54];ssb/q32;0,1,2;1;{"length": 117055956.02137291, "unique": 20000, "row_size": 19528, "cache_age": 5};{"length": 809.0, "unique": 20000, "row_size": 12400, "cache_age": 5};{"selectivity": 0.00019999999999999337}
[2023-11-22T14:46:54];ssb/q32;0,1,2;2;{"length": 18939653.68425751, "unique": 2406, "row_size": 31928, "cache_age": 5};{"length": 1198.1964460305155, "unique": 2557, "row_size": 11048, "cache_age": 5};{"selectivity": 0.0007093088955621289}
[2023-11-22T14:46:56];ssb/q33;0,1,2;0;{"length": 59986217.0, "unique": 200000, "row_size": 5072, "cache_age": 5};{"length": 2367.0, "unique": 300000, "row_size": 14456, "cache_age": 5};{"selectivity": 0.0001638026412376341}
[2023-11-22T14:46:56];ssb/q33;0,1,2;1;{"length": 23257907.152068302, "unique": 20000, "row_size": 19528, "cache_age": 5};{"length": 151.0, "unique": 20000, "row_size": 12400, "cache_age": 5};{"selectivity": 0.00019999999999999337}
[2023-11-22T14:46:56];ssb/q33;0,1,2;2;{"length": 702388.7959924396, "unique": 2406, "row_size": 31928, "cache_age": 5};{"length": 1198.1964460305155, "unique": 2557, "row_size": 11048, "cache_age": 5};{"selectivity": 0.0007093088955621289}
[2023-11-22T14:46:57];ssb/q34;0,1,2;0;{"length": 59986217.0, "unique": 200000, "row_size": 5072, "cache_age": 5};{"length": 2367.0, "unique": 300000, "row_size": 14456, "cache_age": 5};{"selectivity": 0.0001638026412376341}
[2023-11-22T14:46:57];ssb/q34;0,1,2;1;{"length": 23257907.152068302, "unique": 20000, "row_size": 19528, "cache_age": 5};{"length": 151.0, "unique": 20000, "row_size": 12400, "cache_age": 5};{"selectivity": 0.00019999999999999337}
[2023-11-22T14:46:57];ssb/q34;0,1,2;2;{"length": 702388.7959924396, "unique": 2406, "row_size": 31928, "cache_age": 5};{"length": 31.0, "unique": 2557, "row_size": 11048, "cache_age": 5};{"selectivity": 0.0007093088955621289}
[2023-11-22T14:46:58];ssb/q41;0,1,2,3;0;{"length": 59986217.0, "unique": 200000, "row_size": 5072, "cache_age": 5};{"length": 59761.0, "unique": 300000, "row_size": 14456, "cache_age": 5};{"selectivity": 0.0001638026412376341}
[2023-11-22T14:46:58];ssb/q41;0,1,2,3;1;{"length": 587205656.6602256, "unique": 20000, "row_size": 19528, "cache_age": 5};{"length": 4102.0, "unique": 20000, "row_size": 12400, "cache_age": 5};{"selectivity": 0.00019999999999999337}
[2023-11-22T14:46:58];ssb/q41;0,1,2,3;2;{"length": 481743520.72403324, "unique": 600000, "row_size": 31928, "cache_age": 5};{"length": 319679.0, "unique": 800000, "row_size": 14520, "cache_age": 5};{"selectivity": 0.00011658287680508012}
[2023-11-22T14:46:58];ssb/q41;0,1,2,3;3;{"length": 17954146231.414413, "unique": 2406, "row_size": 46448, "cache_age": 5};{"length": 2557.0, "unique": 2557, "row_size": 11048, "cache_age": 5};{"selectivity": 0.0007093088955621289}
[2023-11-22T14:47:00];ssb/q42;0,1,2,3;0;{"length": 59986217.0, "unique": 200000, "row_size": 5072, "cache_age": 5};{"length": 59761.0, "unique": 300000, "row_size": 14456, "cache_age": 5};{"selectivity": 0.0001638026412376341}
[2023-11-22T14:47:00];ssb/q42;0,1,2,3;1;{"length": 587205656.6602256, "unique": 20000, "row_size": 19528, "cache_age": 5};{"length": 4102.0, "unique": 20000, "row_size": 12400, "cache_age": 5};{"selectivity": 0.00019999999999999337}
[2023-11-22T14:47:00];ssb/q42;0,1,2,3;2;{"length": 481743520.72403324, "unique": 600000, "row_size": 31928, "cache_age": 5};{"length": 319679.0, "unique": 800000, "row_size": 14520, "cache_age": 5};{"selectivity": 0.00011658287680508012}
[2023-11-22T14:47:00];ssb/q42;0,1,2,3;3;{"length": 17954146231.414413, "unique": 2406, "row_size": 46448, "cache_age": 5};{"length": 730.5714285714286, "unique": 2557, "row_size": 11048, "cache_age": 5};{"selectivity": 0.0007093088955621289}
[2023-11-22T14:47:01];ssb/q43;0,1,2,3;0;{"length": 59986217.0, "unique": 200000, "row_size": 5072, "cache_age": 5};{"length": 59761.0, "unique": 300000, "row_size": 14456, "cache_age": 5};{"selectivity": 0.0001638026412376341}
[2023-11-22T14:47:01];ssb/q43;0,1,2,3;1;{"length": 587205656.6602256, "unique": 20000, "row_size": 19528, "cache_age": 5};{"length": 809.0, "unique": 20000, "row_size": 12400, "cache_age": 5};{"selectivity": 0.00019999999999999337}
[2023-11-22T14:47:01];ssb/q43;0,1,2,3;2;{"length": 95009875.24762136, "unique": 600000, "row_size": 31928, "cache_age": 5};{"length": 31987.0, "unique": 800000, "row_size": 14520, "cache_age": 5};{"selectivity": 0.00011658287680508012}
[2023-11-22T14:47:01];ssb/q43;0,1,2,3;3;{"length": 354304791.78074676, "unique": 2406, "row_size": 46448, "cache_age": 5};{"length": 730.5714285714286, "unique": 2557, "row_size": 11048, "cache_age": 5};{"selectivity": 0.0007093088955621289}
[2023-11-22T14:47:03];ssb/q21;1,2,0;1;{"length": 59986217.0, "unique": 600000, "row_size": 5072, "cache_age": 5};{"length": 32301.000000000004, "unique": 800000, "row_size": 14520, "cache_age": 5};{"selectivity": 0.00011658287680508012}
[2023-11-22T14:47:03];ssb/q21;1,2,0;2;{"length": 225892706.97814235, "unique": 20000, "row_size": 19592, "cache_age": 5};{"length": 4102.0, "unique": 20000, "row_size": 12400, "cache_age": 5};{"selectivity": 0.00019999999999999337}
[2023-11-22T14:47:03];ssb/q21;1,2,0;0;{"length": 185322376.80486187, "unique": 2406, "row_size": 31992, "cache_age": 5};{"length": 2557.0, "unique": 2557, "row_size": 11048, "cache_age": 5};{"selectivity": 0.0007093088955621289}
[2023-11-22T14:47:03];ssb/q22;1,2,0;1;{"length": 59986217.0, "unique": 600000, "row_size": 5072, "cache_age": 5};{"length": 87120.0, "unique": 800000, "row_size": 14520, "cache_age": 5};{"selectivity": 0.00011658287680508012}
[2023-11-22T14:47:03];ssb/q22;1,2,0;2;{"length": 609262023.8362825, "unique": 20000, "row_size": 19592, "cache_age": 5};{"length": 4001.0, "unique": 20000, "row_size": 12400, "cache_age": 5};{"selectivity": 0.00019999999999999337}
[2023-11-22T14:47:03];ssb/q22;1,2,0;0;{"length": 487531471.4737771, "unique": 2406, "row_size": 31992, "cache_age": 5};{"length": 2557.0, "unique": 2557, "row_size": 11048, "cache_age": 5};{"selectivity": 0.0007093088955621289}
[2023-11-22T14:47:04];ssb/q23;1,2,0;1;{"length": 59986217.0, "unique": 600000, "row_size": 5072, "cache_age": 5};{"length": 829.0, "unique": 800000, "row_size": 14520, "cache_age": 5};{"selectivity": 0.00011658287680508012}
[2023-11-22T14:47:04];ssb/q23;1,2,0;2;{"length": 5797500.203859942, "unique": 20000, "row_size": 19592, "cache_age": 5};{"length": 3972.0, "unique": 20000, "row_size": 12400, "cache_age": 5};{"selectivity": 0.00019999999999999337}
[2023-11-22T14:47:04];ssb/q23;1,2,0;0;{"length": 4605534.161946186, "unique": 2406, "row_size": 31992, "cache_age": 5};{"length": 2557.0, "unique": 2557, "row_size": 11048, "cache_age": 5};{"selectivity": 0.0007093088955621289}
[2023-11-22T14:47:05];ssb/q31;1,2,0;1;{"length": 59986217.0, "unique": 20000, "row_size": 5072, "cache_age": 5};{"length": 4001.0, "unique": 20000, "row_size": 12400, "cache_age": 5};{"selectivity": 0.00019999999999999337}
[2023-11-22T14:47:05];ssb/q31;1,2,0;2;{"length": 48000970.84339841, "unique": 2406, "row_size": 17472, "cache_age": 5};{"length": 1198.1964460305155, "unique": 2557, "row_size": 11048, "cache_age": 5};{"selectivity": 0.0007093088955621289}
[2023-11-22T14:47:05];ssb/q31;1,2,0;0;{"length": 40795612.20587082, "unique": 200000, "row_size": 28520, "cache_age": 5};{"length": 60535.0, "unique": 300000, "row_size": 14456, "cache_age": 5};{"selectivity": 0.0001638026412376341}
[2023-11-22T14:47:06];ssb/q32;1,2,0;1;{"length": 59986217.0, "unique": 20000, "row_size": 5072, "cache_age": 5};{"length": 809.0, "unique": 20000, "row_size": 12400, "cache_age": 5};{"selectivity": 0.00019999999999999337}
[2023-11-22T14:47:06];ssb/q32;1,2,0;2;{"length": 9705769.910599679, "unique": 2406, "row_size": 17472, "cache_age": 5};{"length": 1198.1964460305155, "unique": 2557, "row_size": 11048, "cache_age": 5};{"selectivity": 0.0007093088955621289}
[2023-11-22T14:47:06];ssb/q32;1,2,0;0;{"length": 8248850.356048362, "unique": 200000, "row_size": 28520, "cache_age": 5};{"length": 11913.0, "unique": 300000, "row_size": 14456, "cache_age": 5};{"selectivity": 0.0001638026412376341}
[2023-11-22T14:47:08];ssb/q33;1,2,0;1;{"length": 59986217.0, "unique": 20000, "row_size": 5072, "cache_age": 5};{"length": 151.0, "unique": 20000, "row_size": 12400, "cache_age": 5};{"selectivity": 0.00019999999999999337}
[2023-11-22T14:47:08];ssb/q33;1,2,0;2;{"length": 1811583.7533999402, "unique": 2406, "row_size": 17472, "cache_age": 5};{"length": 1198.1964460305155, "unique": 2557, "row_size": 11048, "cache_age": 5};{"selectivity": 0.0007093088955621289}
[2023-11-22T14:47:08];ssb/q33;1,2,0;0;{"length": 1539649.4484095213, "unique": 200000, "row_size": 28520, "cache_age": 5};{"length": 2367.0, "unique": 300000, "row_size": 14456, "cache_age": 5};{"selectivity": 0.0001638026412376341}
[2023-11-22T14:47:09];ssb/q34;1,2,0;1;{"length": 59986217.0, "unique": 20000, "row_size": 5072, "cache_age": 5};{"length": 151.0, "unique": 20000, "row_size": 12400, "cache_age": 5};{"selectivity": 0.00019999999999999337}
[2023-11-22T14:47:09];ssb/q34;1,2,0;2;{"length": 1811583.7533999402, "unique": 2406, "row_size": 17472, "cache_age": 5};{"length": 31.0, "unique": 2557, "row_size": 11048, "cache_age": 5};{"selectivity": 0.0007093088955621289}
[2023-11-22T14:47:09];ssb/q34;1,2,0;0;{"length": 39834.14661161463, "unique": 200000, "row_size": 28520, "cache_age": 5};{"length": 2367.0, "unique": 300000, "row_size": 14456, "cache_age": 5};{"selectivity": 0.0001638026412376341}
[2023-11-22T14:47:10];ssb/q41;1,2,3,0;1;{"length": 59986217.0, "unique": 20000, "row_size": 5072, "cache_age": 5};{"length": 4102.0, "unique": 20000, "row_size": 12400, "cache_age": 5};{"selectivity": 0.00019999999999999337}
[2023-11-22T14:47:10];ssb/q41;1,2,3,0;2;{"length": 49212692.42679837, "unique": 600000, "row_size": 17472, "cache_age": 5};{"length": 319679.0, "unique": 800000, "row_size": 14520, "cache_age": 5};{"selectivity": 0.00011658287680508012}
[2023-11-22T14:47:10];ssb/q41;1,2,3,0;3;{"length": 1834112631.0207558, "unique": 2406, "row_size": 31992, "cache_age": 5};{"length": 2557.0, "unique": 2557, "row_size": 11048, "cache_age": 5};{"selectivity": 0.0007093088955621289}
[2023-11-22T14:47:10];ssb/q41;1,2,3,0;0;{"length": 3326535298.6795216, "unique": 200000, "row_size": 43040, "cache_age": 5};{"length": 59761.0, "unique": 300000, "row_size": 14456, "cache_age": 5};{"selectivity": 0.0001638026412376341}
[2023-11-22T14:47:12];ssb/q42;1,2,3,0;1;{"length": 59986217.0, "unique": 20000, "row_size": 5072, "cache_age": 5};{"length": 4102.0, "unique": 20000, "row_size": 12400, "cache_age": 5};{"selectivity": 0.00019999999999999337}
[2023-11-22T14:47:12];ssb/q42;1,2,3,0;2;{"length": 49212692.42679837, "unique": 600000, "row_size": 17472, "cache_age": 5};{"length": 319679.0, "unique": 800000, "row_size": 14520, "cache_age": 5};{"selectivity": 0.00011658287680508012}
[2023-11-22T14:47:12];ssb/q42;1,2,3,0;3;{"length": 1834112631.0207558, "unique": 2406, "row_size": 31992, "cache_age": 5};{"length": 730.5714285714286, "unique": 2557, "row_size": 11048, "cache_age": 5};{"selectivity": 0.0007093088955621289}
[2023-11-22T14:47:12];ssb/q42;1,2,3,0;0;{"length": 950438656.7655778, "unique": 200000, "row_size": 43040, "cache_age": 5};{"length": 59761.0, "unique": 300000, "row_size": 14456, "cache_age": 5};{"selectivity": 0.0001638026412376341}
[2023-11-22T14:47:13];ssb/q43;1,2,3,0;1;{"length": 59986217.0, "unique": 20000, "row_size": 5072, "cache_age": 5};{"length": 809.0, "unique": 20000, "row_size": 12400, "cache_age": 5};{"selectivity": 0.00019999999999999337}
[2023-11-22T14:47:13];ssb/q43;1,2,3,0;2;{"length": 9705769.910599679, "unique": 600000, "row_size": 17472, "cache_age": 5};{"length": 31987.0, "unique": 800000, "row_size": 14520, "cache_age": 5};{"selectivity": 0.00011658287680508012}
[2023-11-22T14:47:13];ssb/q43;1,2,3,0;3;{"length": 36194140.64363745, "unique": 2406, "row_size": 31992, "cache_age": 5};{"length": 730.5714285714286, "unique": 2557, "row_size": 11048, "cache_age": 5};{"selectivity": 0.0007093088955621289}
[2023-11-22T14:47:13];ssb/q43;1,2,3,0;0;{"length": 18755833.11204724, "unique": 200000, "row_size": 43040, "cache_age": 5};{"length": 59761.0, "unique": 300000, "row_size": 14456, "cache_age": 5};{"selectivity": 0.0001638026412376341}
[2023-11-22T14:47:15];ssb/q21;1,0,2;1;{"length": 59986217.0, "unique": 600000, "row_size": 5072, "cache_age": 5};{"length": 32301.000000000004, "unique": 800000, "row_size": 14520, "cache_age": 5};{"selectivity": 0.00011658287680508012}
[2023-11-22T14:47:15];ssb/q21;1,0,2;0;{"length": 225892706.97814235, "unique": 2406, "row_size": 19592, "cache_age": 5};{"length": 2557.0, "unique": 2557, "row_size": 11048, "cache_age": 5};{"selectivity": 0.0007093088955621289}
[2023-11-22T14:47:15];ssb/q21;1,0,2;2;{"length": 409702245.5261401, "unique": 20000, "row_size": 30640, "cache_age": 5};{"length": 4102.0, "unique": 20000, "row_size": 12400, "cache_age": 5};{"selectivity": 0.00019999999999999337}
[2023-11-22T14:47:15];ssb/q22;1,0,2;1;{"length": 59986217.0, "unique": 600000, "row_size": 5072, "cache_age": 5};{"length": 87120.0, "unique": 800000, "row_size": 14520, "cache_age": 5};{"selectivity": 0.00011658287680508012}
[2023-11-22T14:47:15];ssb/q22;1,0,2;0;{"length": 609262023.8362825, "unique": 2406, "row_size": 19592, "cache_age": 5};{"length": 2557.0, "unique": 2557, "row_size": 11048, "cache_age": 5};{"selectivity": 0.0007093088955621289}
[2023-11-22T14:47:15];ssb/q22;1,0,2;2;{"length": 1105020266.5625622, "unique": 20000, "row_size": 30640, "cache_age": 5};{"length": 4001.0, "unique": 20000, "row_size": 12400, "cache_age": 5};{"selectivity": 0.00019999999999999337}
[2023-11-22T14:47:16];ssb/q23;1,0,2;1;{"length": 59986217.0, "unique": 600000, "row_size": 5072, "cache_age": 5};{"length": 829.0, "unique": 800000, "row_size": 14520, "cache_age": 5};{"selectivity": 0.00011658287680508012}
[2023-11-22T14:47:16];ssb/q23;1,0,2;0;{"length": 5797500.203859942, "unique": 2406, "row_size": 19592, "cache_age": 5};{"length": 2557.0, "unique": 2557, "row_size": 11048, "cache_age": 5};{"selectivity": 0.0007093088955621289}
[2023-11-22T14:47:16];ssb/q23;1,0,2;2;{"length": 10514942.619150184, "unique": 20000, "row_size": 30640, "cache_age": 5};{"length": 3972.0, "unique": 20000, "row_size": 12400, "cache_age": 5};{"selectivity": 0.00019999999999999337}
[2023-11-22T14:47:17];ssb/q31;1,0,2;1;{"length": 59986217.0, "unique": 20000, "row_size": 5072, "cache_age": 5};{"length": 4001.0, "unique": 20000, "row_size": 12400, "cache_age": 5};{"selectivity": 0.00019999999999999337}
[2023-11-22T14:47:17];ssb/q31;1,0,2;0;{"length": 48000970.84339841, "unique": 200000, "row_size": 17472, "cache_age": 5};{"length": 60535.0, "unique": 300000, "row_size": 14456, "cache_age": 5};{"selectivity": 0.0001638026412376341}
[2023-11-22T14:47:17];ssb/q31;1,0,2;2;{"length": 475967685.2734333, "unique": 2406, "row_size": 31928, "cache_age": 5};{"length": 1198.1964460305155, "unique": 2557, "row_size": 11048, "cache_age": 5};{"selectivity": 0.0007093088955621289}
[2023-11-22T14:47:18];ssb/q32;1,0,2;1;{"length": 59986217.0, "unique": 20000, "row_size": 5072, "cache_age": 5};{"length": 809.0, "unique": 20000, "row_size": 12400, "cache_age": 5};{"selectivity": 0.00019999999999999337}
[2023-11-22T14:47:18];ssb/q32;1,0,2;0;{"length": 9705769.910599679, "unique": 200000, "row_size": 17472, "cache_age": 5};{"length": 11913.0, "unique": 300000, "row_size": 14456, "cache_age": 5};{"selectivity": 0.0001638026412376341}
[2023-11-22T14:47:18];ssb/q32;1,0,2;2;{"length": 18939653.68425751, "unique": 2406, "row_size": 31928, "cache_age": 5};{"length": 1198.1964460305155, "unique": 2557, "row_size": 11048, "cache_age": 5};{"selectivity": 0.0007093088955621289}
[2023-11-22T14:47:20];ssb/q33;1,0,2;1;{"length": 59986217.0, "unique": 20000, "row_size": 5072, "cache_age": 5};{"length": 151.0, "unique": 20000, "row_size": 12400, "cache_age": 5};{"selectivity": 0.00019999999999999337}
[2023-11-22T14:47:20];ssb/q33;1,0,2;0;{"length": 1811583.7533999402, "unique": 200000, "row_size": 17472, "cache_age": 5};{"length": 2367.0, "unique": 300000, "row_size": 14456, "cache_age": 5};{"selectivity": 0.0001638026412376341}
[2023-11-22T14:47:20];ssb/q33;1,0,2;2;{"length": 702388.7959924395, "unique": 2406, "row_size": 31928, "cache_age": 5};{"length": 1198.1964460305155, "unique": 2557, "row_size": 11048, "cache_age": 5};{"selectivity": 0.0007093088955621289}
[2023-11-22T14:47:21];ssb/q34;1,0,2;1;{"length": 59986217.0, "unique": 20000, "row_size": 5072, "cache_age": 5};{"length": 151.0, "unique": 20000, "row_size": 12400, "cache_age": 5};{"selectivity": 0.00019999999999999337}
[2023-11-22T14:47:21];ssb/q34;1,0,2;0;{"length": 1811583.7533999402, "unique": 200000, "row_size": 17472, "cache_age": 5};{"length": 2367.0, "unique": 300000, "row_size": 14456, "cache_age": 5};{"selectivity": 0.0001638026412376341}
[2023-11-22T14:47:21];ssb/q34;1,0,2;2;{"length": 702388.7959924395, "unique": 2406, "row_size": 31928, "cache_age": 5};{"length": 31.0, "unique": 2557, "row_size": 11048, "cache_age": 5};{"selectivity": 0.0007093088955621289}
[2023-11-22T14:47:22];ssb/q41;1,3,0,2;1;{"length": 59986217.0, "unique": 20000, "row_size": 5072, "cache_age": 5};{"length": 4102.0, "unique": 20000, "row_size": 12400, "cache_age": 5};{"selectivity": 0.00019999999999999337}
[2023-11-22T14:47:22];ssb/q41;1,3,0,2;3;{"length": 49212692.42679837, "unique": 2406, "row_size": 17472, "cache_age": 5};{"length": 2557.0, "unique": 2557, "row_size": 11048, "cache_age": 5};{"selectivity": 0.0007093088955621289}
[2023-11-22T14:47:22];ssb/q41;1,3,0,2;0;{"length": 89257200.31146254, "unique": 200000, "row_size": 28520, "cache_age": 5};{"length": 59761.0, "unique": 300000, "row_size": 14456, "cache_age": 5};{"selectivity": 0.0001638026412376341}
[2023-11-22T14:47:22];ssb/q41;1,3,0,2;2;{"length": 873739594.5562905, "unique": 600000, "row_size": 42976, "cache_age": 5};{"length": 319679.0, "unique": 800000, "row_size": 14520, "cache_age": 5};{"selectivity": 0.00011658287680508012}
[2023-11-22T14:47:24];ssb/q42;1,3,0,2;1;{"length": 59986217.0, "unique": 20000, "row_size": 5072, "cache_age": 5};{"length": 4102.0, "unique": 20000, "row_size": 12400, "cache_age": 5};{"selectivity": 0.00019999999999999337}
[2023-11-22T14:47:24];ssb/q42;1,3,0,2;3;{"length": 49212692.42679837, "unique": 2406, "row_size": 17472, "cache_age": 5};{"length": 730.5714285714286, "unique": 2557, "row_size": 11048, "cache_age": 5};{"selectivity": 0.0007093088955621289}
[2023-11-22T14:47:24];ssb/q42;1,3,0,2;0;{"length": 25502057.231846444, "unique": 200000, "row_size": 28520, "cache_age": 5};{"length": 59761.0, "unique": 300000, "row_size": 14456, "cache_age": 5};{"selectivity": 0.0001638026412376341}
[2023-11-22T14:47:24];ssb/q42;1,3,0,2;2;{"length": 249639884.15894014, "unique": 600000, "row_size": 42976, "cache_age": 5};{"length": 319679.0, "unique": 800000, "row_size": 14520, "cache_age": 5};{"selectivity": 0.00011658287680508012}
[2023-11-22T14:47:25];ssb/q43;1,3,0,2;1;{"length": 59986217.0, "unique": 20000, "row_size": 5072, "cache_age": 5};{"length": 809.0, "unique": 20000, "row_size": 12400, "cache_age": 5};{"selectivity": 0.00019999999999999337}
[2023-11-22T14:47:25];ssb/q43;1,3,0,2;3;{"length": 9705769.910599679, "unique": 2406, "row_size": 17472, "cache_age": 5};{"length": 730.5714285714286, "unique": 2557, "row_size": 11048, "cache_age": 5};{"selectivity": 0.0007093088955621289}
[2023-11-22T14:47:25];ssb/q43;1,3,0,2;0;{"length": 5029537.85971813, "unique": 200000, "row_size": 28520, "cache_age": 5};{"length": 59761.0, "unique": 300000, "row_size": 14456, "cache_age": 5};{"selectivity": 0.0001638026412376341}
[2023-11-22T14:47:25];ssb/q43;1,3,0,2;2;{"length": 49234194.60862568, "unique": 600000, "row_size": 42976, "cache_age": 5};{"length": 31987.0, "unique": 800000, "row_size": 14520, "cache_age": 5};{"selectivity": 0.00011658287680508012}
[2023-11-22T14:47:27];ssb/q21;2,1,0;2;{"length": 59986217.0, "unique": 20000, "row_size": 5072, "cache_age": 5};{"length": 4102.0, "unique": 20000, "row_size": 12400, "cache_age": 5};{"selectivity": 0.00019999999999999337}
[2023-11-22T14:47:27];ssb/q21;2,1,0;1;{"length": 49212692.42679837, "unique": 600000, "row_size": 17472, "cache_age": 5};{"length": 32301.000000000004, "unique": 800000, "row_size": 14520, "cache_age": 5};{"selectivity": 0.00011658287680508012}
[2023-11-22T14:47:27];ssb/q21;2,1,0;0;{"length": 185322376.80486187, "unique": 2406, "row_size": 31992, "cache_age": 5};{"length": 2557.0, "unique": 2557, "row_size": 11048, "cache_age": 5};{"selectivity": 0.0007093088955621289}
[2023-11-22T14:47:28];ssb/q22;2,1,0;2;{"length": 59986217.0, "unique": 20000, "row_size": 5072, "cache_age": 5};{"length": 4001.0, "unique": 20000, "row_size": 12400, "cache_age": 5};{"selectivity": 0.00019999999999999337}
[2023-11-22T14:47:28];ssb/q22;2,1,0;1;{"length": 48000970.84339841, "unique": 600000, "row_size": 17472, "cache_age": 5};{"length": 87120.0, "unique": 800000, "row_size": 14520, "cache_age": 5};{"selectivity": 0.00011658287680508012}
[2023-11-22T14:47:28];ssb/q22;2,1,0;0;{"length": 487531471.4737771, "unique": 2406, "row_size": 31992, "cache_age": 5};{"length": 2557.0, "unique": 2557, "row_size": 11048, "cache_age": 5};{"selectivity": 0.0007093088955621289}
[2023-11-22T14:47:28];ssb/q23;2,1,0;2;{"length": 59986217.0, "unique": 20000, "row_size": 5072, "cache_age": 5};{"length": 3972.0, "unique": 20000, "row_size": 12400, "cache_age": 5};{"selectivity": 0.00019999999999999337}
[2023-11-22T14:47:28];ssb/q23;2,1,0;1;{"length": 47653050.78479842, "unique": 600000, "row_size": 17472, "cache_age": 5};{"length": 829.0, "unique": 800000, "row_size": 14520, "cache_age": 5};{"selectivity": 0.00011658287680508012}
[2023-11-22T14:47:28];ssb/q23;2,1,0;0;{"length": 4605534.161946186, "unique": 2406, "row_size": 31992, "cache_age": 5};{"length": 2557.0, "unique": 2557, "row_size": 11048, "cache_age": 5};{"selectivity": 0.0007093088955621289}
[2023-11-22T14:47:29];ssb/q31;2,1,0;2;{"length": 59986217.0, "unique": 2406, "row_size": 5072, "cache_age": 5};{"length": 1198.1964460305155, "unique": 2557, "row_size": 11048, "cache_age": 5};{"selectivity": 0.0007093088955621289}
[2023-11-22T14:47:29];ssb/q31;2,1,0;1;{"length": 50981769.81488649, "unique": 20000, "row_size": 16120, "cache_age": 5};{"length": 4001.0, "unique": 20000, "row_size": 12400, "cache_age": 5};{"selectivity": 0.00019999999999999337}
[2023-11-22T14:47:29];ssb/q31;2,1,0;0;{"length": 40795612.20587082, "unique": 200000, "row_size": 28520, "cache_age": 5};{"length": 60535.0, "unique": 300000, "row_size": 14456, "cache_age": 5};{"selectivity": 0.0001638026412376341}
[2023-11-22T14:47:30];ssb/q32;2,1,0;2;{"length": 59986217.0, "unique": 2406, "row_size": 5072, "cache_age": 5};{"length": 1198.1964460305155, "unique": 2557, "row_size": 11048, "cache_age": 5};{"selectivity": 0.0007093088955621289}
[2023-11-22T14:47:30];ssb/q32;2,1,0;1;{"length": 50981769.81488649, "unique": 20000, "row_size": 16120, "cache_age": 5};{"length": 809.0, "unique": 20000, "row_size": 12400, "cache_age": 5};{"selectivity": 0.00019999999999999337}
[2023-11-22T14:47:30];ssb/q32;2,1,0;0;{"length": 8248850.356048362, "unique": 200000, "row_size": 28520, "cache_age": 5};{"length": 11913.0, "unique": 300000, "row_size": 14456, "cache_age": 5};{"selectivity": 0.0001638026412376341}
[2023-11-22T14:47:32];ssb/q33;2,1,0;2;{"length": 59986217.0, "unique": 2406, "row_size": 5072, "cache_age": 5};{"length": 1198.1964460305155, "unique": 2557, "row_size": 11048, "cache_age": 5};{"selectivity": 0.0007093088955621289}
[2023-11-22T14:47:32];ssb/q33;2,1,0;1;{"length": 50981769.81488649, "unique": 20000, "row_size": 16120, "cache_age": 5};{"length": 151.0, "unique": 20000, "row_size": 12400, "cache_age": 5};{"selectivity": 0.00019999999999999337}
[2023-11-22T14:47:32];ssb/q33;2,1,0;0;{"length": 1539649.4484095213, "unique": 200000, "row_size": 28520, "cache_age": 5};{"length": 2367.0, "unique": 300000, "row_size": 14456, "cache_age": 5};{"selectivity": 0.0001638026412376341}
[2023-11-22T14:47:33];ssb/q34;2,1,0;2;{"length": 59986217.0, "unique": 2406, "row_size": 5072, "cache_age": 5};{"length": 31.0, "unique": 2557, "row_size": 11048, "cache_age": 5};{"selectivity": 0.0007093088955621289}
[2023-11-22T14:47:33];ssb/q34;2,1,0;1;{"length": 1319011.477205826, "unique": 20000, "row_size": 16120, "cache_age": 5};{"length": 151.0, "unique": 20000, "row_size": 12400, "cache_age": 5};{"selectivity": 0.00019999999999999337}
[2023-11-22T14:47:33];ssb/q34;2,1,0;0;{"length": 39834.14661161463, "unique": 200000, "row_size": 28520, "cache_age": 5};{"length": 2367.0, "unique": 300000, "row_size": 14456, "cache_age": 5};{"selectivity": 0.0001638026412376341}
[2023-11-22T14:47:34];ssb/q41;3,2,0,1;3;{"length": 59986217.0, "unique": 2406, "row_size": 5072, "cache_age": 5};{"length": 2557.0, "unique": 2557, "row_size": 11048, "cache_age": 5};{"selectivity": 0.0007093088955621289}
[2023-11-22T14:47:34];ssb/q41;3,2,0,1;2;{"length": 108797172.49081604, "unique": 600000, "row_size": 16120, "cache_age": 5};{"length": 319679.0, "unique": 800000, "row_size": 14520, "cache_age": 5};{"selectivity": 0.00011658287680508012}
[2023-11-22T14:47:34];ssb/q41;3,2,0,1;0;{"length": 4054772426.4744415, "unique": 200000, "row_size": 30640, "cache_age": 5};{"length": 59761.0, "unique": 300000, "row_size": 14456, "cache_age": 5};{"selectivity": 0.0001638026412376341}
[2023-11-22T14:47:34];ssb/q41;3,2,0,1;1;{"length": 39692206382.93794, "unique": 20000, "row_size": 45096, "cache_age": 5};{"length": 4102.0, "unique": 20000, "row_size": 12400, "cache_age": 5};{"selectivity": 0.00019999999999999337}
[2023-11-22T14:47:36];ssb/q42;3,2,0,1;3;{"length": 59986217.0, "unique": 2406, "row_size": 5072, "cache_age": 5};{"length": 730.5714285714286, "unique": 2557, "row_size": 11048, "cache_age": 5};{"selectivity": 0.0007093088955621289}
[2023-11-22T14:47:36];ssb/q42;3,2,0,1;2;{"length": 31084906.425947443, "unique": 600000, "row_size": 16120, "cache_age": 5};{"length": 319679.0, "unique": 800000, "row_size": 14520, "cache_age": 5};{"selectivity": 0.00011658287680508012}
[2023-11-22T14:47:36];ssb/q42;3,2,0,1;0;{"length": 1158506407.564126, "unique": 200000, "row_size": 30640, "cache_age": 5};{"length": 59761.0, "unique": 300000, "row_size": 14456, "cache_age": 5};{"selectivity": 0.0001638026412376341}
[2023-11-22T14:47:36];ssb/q42;3,2,0,1;1;{"length": 11340630395.125128, "unique": 20000, "row_size": 45096, "cache_age": 5};{"length": 4102.0, "unique": 20000, "row_size": 12400, "cache_age": 5};{"selectivity": 0.00019999999999999337}
[2023-11-22T14:47:37];ssb/q43;3,2,0,1;3;{"length": 59986217.0, "unique": 2406, "row_size": 5072, "cache_age": 5};{"length": 730.5714285714286, "unique": 2557, "row_size": 11048, "cache_age": 5};{"selectivity": 0.0007093088955621289}
[2023-11-22T14:47:37];ssb/q43;3,2,0,1;2;{"length": 31084906.425947443, "unique": 600000, "row_size": 16120, "cache_age": 5};{"length": 31987.0, "unique": 800000, "row_size": 14520, "cache_age": 5};{"selectivity": 0.00011658287680508012}
[2023-11-22T14:47:37];ssb/q43;3,2,0,1;0;{"length": 115919858.54170495, "unique": 200000, "row_size": 30640, "cache_age": 5};{"length": 59761.0, "unique": 300000, "row_size": 14456, "cache_age": 5};{"selectivity": 0.0001638026412376341}
[2023-11-22T14:47:37];ssb/q43;3,2,0,1;1;{"length": 1134740613.0802066, "unique": 20000, "row_size": 45096, "cache_age": 5};{"length": 809.0, "unique": 20000, "row_size": 12400, "cache_age": 5};{"selectivity": 0.00019999999999999337}
[2023-11-22T14:47:39];ssb/q21;2,0,1;2;{"length": 59986217.0, "unique": 20000, "row_size": 5072, "cache_age": 5};{"length": 4102.0, "unique": 20000, "row_size": 12400, "cache_age": 5};{"selectivity": 0.00019999999999999337}
[2023-11-22T14:47:39];ssb/q21;2,0,1;0;{"length": 49212692.42679837, "unique": 2406, "row_size": 17472, "cache_age": 5};{"length": 2557.0, "unique": 2557, "row_size": 11048, "cache_age": 5};{"selectivity": 0.0007093088955621289}
[2023-11-22T14:47:39];ssb/q21;2,0,1;1;{"length": 89257200.31146255, "unique": 600000, "row_size": 28520, "cache_age": 5};{"length": 32301.000000000004, "unique": 800000, "row_size": 14520, "cache_age": 5};{"selectivity": 0.00011658287680508012}
[2023-11-22T14:47:40];ssb/q22;2,0,1;2;{"length": 59986217.0, "unique": 20000, "row_size": 5072, "cache_age": 5};{"length": 4001.0, "unique": 20000, "row_size": 12400, "cache_age": 5};{"selectivity": 0.00019999999999999337}
[2023-11-22T14:47:40];ssb/q22;2,0,1;0;{"length": 48000970.84339841, "unique": 2406, "row_size": 17472, "cache_age": 5};{"length": 2557.0, "unique": 2557, "row_size": 11048, "cache_age": 5};{"selectivity": 0.0007093088955621289}
[2023-11-22T14:47:40];ssb/q22;2,0,1;1;{"length": 87059497.42714812, "unique": 600000, "row_size": 28520, "cache_age": 5};{"length": 87120.0, "unique": 800000, "row_size": 14520, "cache_age": 5};{"selectivity": 0.00011658287680508012}
[2023-11-22T14:47:40];ssb/q23;2,0,1;2;{"length": 59986217.0, "unique": 20000, "row_size": 5072, "cache_age": 5};{"length": 3972.0, "unique": 20000, "row_size": 12400, "cache_age": 5};{"selectivity": 0.00019999999999999337}
[2023-11-22T14:47:40];ssb/q23;2,0,1;0;{"length": 47653050.78479842, "unique": 2406, "row_size": 17472, "cache_age": 5};{"length": 2557.0, "unique": 2557, "row_size": 11048, "cache_age": 5};{"selectivity": 0.0007093088955621289}
[2023-11-22T14:47:40];ssb/q23;2,0,1;1;{"length": 86428473.8267014, "unique": 600000, "row_size": 28520, "cache_age": 5};{"length": 829.0, "unique": 800000, "row_size": 14520, "cache_age": 5};{"selectivity": 0.00011658287680508012}
[2023-11-22T14:47:41];ssb/q31;2,0,1;2;{"length": 59986217.0, "unique": 2406, "row_size": 5072, "cache_age": 5};{"length": 1198.1964460305155, "unique": 2557, "row_size": 11048, "cache_age": 5};{"selectivity": 0.0007093088955621289}
[2023-11-22T14:47:41];ssb/q31;2,0,1;0;{"length": 50981769.81488649, "unique": 200000, "row_size": 16120, "cache_age": 5};{"length": 60535.0, "unique": 300000, "row_size": 14456, "cache_age": 5};{"selectivity": 0.0001638026412376341}
[2023-11-22T14:47:41];ssb/q31;2,0,1;1;{"length": 505524670.5134461, "unique": 20000, "row_size": 30576, "cache_age": 5};{"length": 4001.0, "unique": 20000, "row_size": 12400, "cache_age": 5};{"selectivity": 0.00019999999999999337}
[2023-11-22T14:47:43];ssb/q32;2,0,1;2;{"length": 59986217.0, "unique": 2406, "row_size": 5072, "cache_age": 5};{"length": 1198.1964460305155, "unique": 2557, "row_size": 11048, "cache_age": 5};{"selectivity": 0.0007093088955621289}
[2023-11-22T14:47:43];ssb/q32;2,0,1;0;{"length": 50981769.81488649, "unique": 200000, "row_size": 16120, "cache_age": 5};{"length": 11913.0, "unique": 300000, "row_size": 14456, "cache_age": 5};{"selectivity": 0.0001638026412376341}
[2023-11-22T14:47:43];ssb/q32;2,0,1;1;{"length": 99484850.0838636, "unique": 20000, "row_size": 30576, "cache_age": 5};{"length": 809.0, "unique": 20000, "row_size": 12400, "cache_age": 5};{"selectivity": 0.00019999999999999337}
[2023-11-22T14:47:44];ssb/q33;2,0,1;2;{"length": 59986217.0, "unique": 2406, "row_size": 5072, "cache_age": 5};{"length": 1198.1964460305155, "unique": 2557, "row_size": 11048, "cache_age": 5};{"selectivity": 0.0007093088955621289}
[2023-11-22T14:47:44];ssb/q33;2,0,1;0;{"length": 50981769.81488649, "unique": 200000, "row_size": 16120, "cache_age": 5};{"length": 2367.0, "unique": 300000, "row_size": 14456, "cache_age": 5};{"selectivity": 0.0001638026412376341}
[2023-11-22T14:47:44];ssb/q33;2,0,1;1;{"length": 19766695.21938262, "unique": 20000, "row_size": 30576, "cache_age": 5};{"length": 151.0, "unique": 20000, "row_size": 12400, "cache_age": 5};{"selectivity": 0.00019999999999999337}
[2023-11-22T14:47:45];ssb/q34;2,0,1;2;{"length": 59986217.0, "unique": 2406, "row_size": 5072, "cache_age": 5};{"length": 31.0, "unique": 2557, "row_size": 11048, "cache_age": 5};{"selectivity": 0.0007093088955621289}
[2023-11-22T14:47:45];ssb/q34;2,0,1;0;{"length": 1319011.477205826, "unique": 200000, "row_size": 16120, "cache_age": 5};{"length": 2367.0, "unique": 300000, "row_size": 14456, "cache_age": 5};{"selectivity": 0.0001638026412376341}
[2023-11-22T14:47:45];ssb/q34;2,0,1;1;{"length": 511408.25348872325, "unique": 20000, "row_size": 30576, "cache_age": 5};{"length": 151.0, "unique": 20000, "row_size": 12400, "cache_age": 5};{"selectivity": 0.00019999999999999337}
[2023-11-22T14:47:47];ssb/q41;2,3,1,0;2;{"length": 59986217.0, "unique": 600000, "row_size": 5072, "cache_age": 5};{"length": 319679.0, "unique": 800000, "row_size": 14520, "cache_age": 5};{"selectivity": 0.00011658287680508012}
[2023-11-22T14:47:47];ssb/q41;2,3,1,0;3;{"length": 2235632168.479786, "unique": 2406, "row_size": 19592, "cache_age": 5};{"length": 2557.0, "unique": 2557, "row_size": 11048, "cache_age": 5};{"selectivity": 0.0007093088955621289}
[2023-11-22T14:47:47];ssb/q41;2,3,1,0;1;{"length": 4054772426.474441, "unique": 20000, "row_size": 30640, "cache_age": 5};{"length": 4102.0, "unique": 20000, "row_size": 12400, "cache_age": 5};{"selectivity": 0.00019999999999999337}
[2023-11-22T14:47:47];ssb/q41;2,3,1,0;0;{"length": 3326535298.679521, "unique": 200000, "row_size": 43040, "cache_age": 5};{"length": 59761.0, "unique": 300000, "row_size": 14456, "cache_age": 5};{"selectivity": 0.0001638026412376341}
[2023-11-22T14:47:48];ssb/q42;2,3,1,0;2;{"length": 59986217.0, "unique": 600000, "row_size": 5072, "cache_age": 5};{"length": 319679.0, "unique": 800000, "row_size": 14520, "cache_age": 5};{"selectivity": 0.00011658287680508012}
[2023-11-22T14:47:48];ssb/q42;2,3,1,0;3;{"length": 2235632168.479786, "unique": 2406, "row_size": 19592, "cache_age": 5};{"length": 730.5714285714286, "unique": 2557, "row_size": 11048, "cache_age": 5};{"selectivity": 0.0007093088955621289}
[2023-11-22T14:47:48];ssb/q42;2,3,1,0;1;{"length": 1158506407.5641263, "unique": 20000, "row_size": 30640, "cache_age": 5};{"length": 4102.0, "unique": 20000, "row_size": 12400, "cache_age": 5};{"selectivity": 0.00019999999999999337}
[2023-11-22T14:47:48];ssb/q42;2,3,1,0;0;{"length": 950438656.7655777, "unique": 200000, "row_size": 43040, "cache_age": 5};{"length": 59761.0, "unique": 300000, "row_size": 14456, "cache_age": 5};{"selectivity": 0.0001638026412376341}
[2023-11-22T14:47:50];ssb/q43;2,3,1,0;2;{"length": 59986217.0, "unique": 600000, "row_size": 5072, "cache_age": 5};{"length": 31987.0, "unique": 800000, "row_size": 14520, "cache_age": 5};{"selectivity": 0.00011658287680508012}
[2023-11-22T14:47:50];ssb/q43;2,3,1,0;3;{"length": 223696790.13373697, "unique": 2406, "row_size": 19592, "cache_age": 5};{"length": 730.5714285714286, "unique": 2557, "row_size": 11048, "cache_age": 5};{"selectivity": 0.0007093088955621289}
[2023-11-22T14:47:50];ssb/q43;2,3,1,0;1;{"length": 115919858.54170495, "unique": 20000, "row_size": 30640, "cache_age": 5};{"length": 809.0, "unique": 20000, "row_size": 12400, "cache_age": 5};{"selectivity": 0.00019999999999999337}
[2023-11-22T14:47:50];ssb/q43;2,3,1,0;0;{"length": 18755833.112047244, "unique": 200000, "row_size": 43040, "cache_age": 5};{"length": 59761.0, "unique": 300000, "row_size": 14456, "cache_age": 5};{"selectivity": 0.0001638026412376341}
[2023-11-22T14:47:51];ssb/q21;0,2,1;0;{"length": 59986217.0, "unique": 2406, "row_size": 5072, "cache_age": 5};{"length": 2557.0, "unique": 2557, "row_size": 11048, "cache_age": 5};{"selectivity": 0.0007093088955621289}
[2023-11-22T14:47:51];ssb/q21;0,2,1;2;{"length": 108797172.49081604, "unique": 20000, "row_size": 16120, "cache_age": 5};{"length": 4102.0, "unique": 20000, "row_size": 12400, "cache_age": 5};{"selectivity": 0.00019999999999999337}
[2023-11-22T14:47:51];ssb/q21;0,2,1;1;{"length": 89257200.31146254, "unique": 600000, "row_size": 28520, "cache_age": 5};{"length": 32301.000000000004, "unique": 800000, "row_size": 14520, "cache_age": 5};{"selectivity": 0.00011658287680508012}
[2023-11-22T14:47:52];ssb/q22;0,2,1;0;{"length": 59986217.0, "unique": 2406, "row_size": 5072, "cache_age": 5};{"length": 2557.0, "unique": 2557, "row_size": 11048, "cache_age": 5};{"selectivity": 0.0007093088955621289}
[2023-11-22T14:47:52];ssb/q22;0,2,1;2;{"length": 108797172.49081604, "unique": 20000, "row_size": 16120, "cache_age": 5};{"length": 4001.0, "unique": 20000, "row_size": 12400, "cache_age": 5};{"selectivity": 0.00019999999999999337}
[2023-11-22T14:47:52];ssb/q22;0,2,1;1;{"length": 87059497.42714812, "unique": 600000, "row_size": 28520, "cache_age": 5};{"length": 87120.0, "unique": 800000, "row_size": 14520, "cache_age": 5};{"selectivity": 0.00011658287680508012}
[2023-11-22T14:47:53];ssb/q23;0,2,1;0;{"length": 59986217.0, "unique": 2406, "row_size": 5072, "cache_age": 5};{"length": 2557.0, "unique": 2557, "row_size": 11048, "cache_age": 5};{"selectivity": 0.0007093088955621289}
[2023-11-22T14:47:53];ssb/q23;0,2,1;2;{"length": 108797172.49081604, "unique": 20000, "row_size": 16120, "cache_age": 5};{"length": 3972.0, "unique": 20000, "row_size": 12400, "cache_age": 5};{"selectivity": 0.00019999999999999337}
[2023-11-22T14:47:53];ssb/q23;0,2,1;1;{"length": 86428473.8267014, "unique": 600000, "row_size": 28520, "cache_age": 5};{"length": 829.0, "unique": 800000, "row_size": 14520, "cache_age": 5};{"selectivity": 0.00011658287680508012}
[2023-11-22T14:47:54];ssb/q31;0,2,1;0;{"length": 59986217.0, "unique": 200000, "row_size": 5072, "cache_age": 5};{"length": 60535.0, "unique": 300000, "row_size": 14456, "cache_age": 5};{"selectivity": 0.0001638026412376341}
[2023-11-22T14:47:54];ssb/q31;0,2,1;2;{"length": 594810903.8658448, "unique": 2406, "row_size": 19528, "cache_age": 5};{"length": 1198.1964460305155, "unique": 2557, "row_size": 11048, "cache_age": 5};{"selectivity": 0.0007093088955621289}
[2023-11-22T14:47:54];ssb/q31;0,2,1;1;{"length": 505524670.5134461, "unique": 20000, "row_size": 30576, "cache_age": 5};{"length": 4001.0, "unique": 20000, "row_size": 12400, "cache_age": 5};{"selectivity": 0.00019999999999999337}
[2023-11-22T14:47:55];ssb/q32;0,2,1;0;{"length": 59986217.0, "unique": 200000, "row_size": 5072, "cache_age": 5};{"length": 11913.0, "unique": 300000, "row_size": 14456, "cache_age": 5};{"selectivity": 0.0001638026412376341}
[2023-11-22T14:47:55];ssb/q32;0,2,1;2;{"length": 117055956.02137291, "unique": 2406, "row_size": 19528, "cache_age": 5};{"length": 1198.1964460305155, "unique": 2557, "row_size": 11048, "cache_age": 5};{"selectivity": 0.0007093088955621289}
[2023-11-22T14:47:55];ssb/q32;0,2,1;1;{"length": 99484850.0838636, "unique": 20000, "row_size": 30576, "cache_age": 5};{"length": 809.0, "unique": 20000, "row_size": 12400, "cache_age": 5};{"selectivity": 0.00019999999999999337}
[2023-11-22T14:47:57];ssb/q33;0,2,1;0;{"length": 59986217.0, "unique": 200000, "row_size": 5072, "cache_age": 5};{"length": 2367.0, "unique": 300000, "row_size": 14456, "cache_age": 5};{"selectivity": 0.0001638026412376341}
[2023-11-22T14:47:57];ssb/q33;0,2,1;2;{"length": 23257907.152068302, "unique": 2406, "row_size": 19528, "cache_age": 5};{"length": 1198.1964460305155, "unique": 2557, "row_size": 11048, "cache_age": 5};{"selectivity": 0.0007093088955621289}
[2023-11-22T14:47:57];ssb/q33;0,2,1;1;{"length": 19766695.219382618, "unique": 20000, "row_size": 30576, "cache_age": 5};{"length": 151.0, "unique": 20000, "row_size": 12400, "cache_age": 5};{"selectivity": 0.00019999999999999337}
[2023-11-22T14:47:58];ssb/q34;0,2,1;0;{"length": 59986217.0, "unique": 200000, "row_size": 5072, "cache_age": 5};{"length": 2367.0, "unique": 300000, "row_size": 14456, "cache_age": 5};{"selectivity": 0.0001638026412376341}
[2023-11-22T14:47:58];ssb/q34;0,2,1;2;{"length": 23257907.152068302, "unique": 2406, "row_size": 19528, "cache_age": 5};{"length": 31.0, "unique": 2557, "row_size": 11048, "cache_age": 5};{"selectivity": 0.0007093088955621289}
[2023-11-22T14:47:58];ssb/q34;0,2,1;1;{"length": 511408.25348872325, "unique": 20000, "row_size": 30576, "cache_age": 5};{"length": 151.0, "unique": 20000, "row_size": 12400, "cache_age": 5};{"selectivity": 0.00019999999999999337}
[2023-11-22T14:47:59];ssb/q41;3,0,1,2;3;{"length": 59986217.0, "unique": 2406, "row_size": 5072, "cache_age": 5};{"length": 2557.0, "unique": 2557, "row_size": 11048, "cache_age": 5};{"selectivity": 0.0007093088955621289}
[2023-11-22T14:47:59];ssb/q41;3,0,1,2;0;{"length": 108797172.49081604, "unique": 200000, "row_size": 16120, "cache_age": 5};{"length": 59761.0, "unique": 300000, "row_size": 14456, "cache_age": 5};{"selectivity": 0.0001638026412376341}
[2023-11-22T14:47:59];ssb/q41;3,0,1,2;1;{"length": 1065016570.6439775, "unique": 20000, "row_size": 30576, "cache_age": 5};{"length": 4102.0, "unique": 20000, "row_size": 12400, "cache_age": 5};{"selectivity": 0.00019999999999999337}
[2023-11-22T14:47:59];ssb/q41;3,0,1,2;2;{"length": 873739594.5562903, "unique": 600000, "row_size": 42976, "cache_age": 5};{"length": 319679.0, "unique": 800000, "row_size": 14520, "cache_age": 5};{"selectivity": 0.00011658287680508012}
[2023-11-22T14:48:01];ssb/q42;3,0,1,2;3;{"length": 59986217.0, "unique": 2406, "row_size": 5072, "cache_age": 5};{"length": 730.5714285714286, "unique": 2557, "row_size": 11048, "cache_age": 5};{"selectivity": 0.0007093088955621289}
[2023-11-22T14:48:01];ssb/q42;3,0,1,2;0;{"length": 31084906.425947443, "unique": 200000, "row_size": 16120, "cache_age": 5};{"length": 59761.0, "unique": 300000, "row_size": 14456, "cache_age": 5};{"selectivity": 0.0001638026412376341}
[2023-11-22T14:48:01];ssb/q42;3,0,1,2;1;{"length": 304290448.7554222, "unique": 20000, "row_size": 30576, "cache_age": 5};{"length": 4102.0, "unique": 20000, "row_size": 12400, "cache_age": 5};{"selectivity": 0.00019999999999999337}
[2023-11-22T14:48:01];ssb/q42;3,0,1,2;2;{"length": 249639884.15894014, "unique": 600000, "row_size": 42976, "cache_age": 5};{"length": 319679.0, "unique": 800000, "row_size": 14520, "cache_age": 5};{"selectivity": 0.00011658287680508012}
[2023-11-22T14:48:02];ssb/q43;3,0,1,2;3;{"length": 59986217.0, "unique": 2406, "row_size": 5072, "cache_age": 5};{"length": 730.5714285714286, "unique": 2557, "row_size": 11048, "cache_age": 5};{"selectivity": 0.0007093088955621289}
[2023-11-22T14:48:02];ssb/q43;3,0,1,2;0;{"length": 31084906.425947443, "unique": 200000, "row_size": 16120, "cache_age": 5};{"length": 59761.0, "unique": 300000, "row_size": 14456, "cache_age": 5};{"selectivity": 0.0001638026412376341}
[2023-11-22T14:48:02];ssb/q43;3,0,1,2;1;{"length": 304290448.7554222, "unique": 20000, "row_size": 30576, "cache_age": 5};{"length": 809.0, "unique": 20000, "row_size": 12400, "cache_age": 5};{"selectivity": 0.00019999999999999337}
[2023-11-22T14:48:02];ssb/q43;3,0,1,2;2;{"length": 49234194.60862569, "unique": 600000, "row_size": 42976, "cache_age": 5};{"length": 31987.0, "unique": 800000, "row_size": 14520, "cache_age": 5};{"selectivity": 0.00011658287680508012}
[2023-11-22T14:48:04];ssb/q41;0,2,3,1;0;{"length": 59986217.0, "unique": 200000, "row_size": 5072, "cache_age": 5};{"length": 59761.0, "unique": 300000, "row_size": 14456, "cache_age": 5};{"selectivity": 0.0001638026412376341}
[2023-11-22T14:48:04];ssb/q41;0,2,3,1;2;{"length": 587205656.6602256, "unique": 600000, "row_size": 19528, "cache_age": 5};{"length": 319679.0, "unique": 800000, "row_size": 14520, "cache_age": 5};{"selectivity": 0.00011658287680508012}
[2023-11-22T14:48:04];ssb/q41;0,2,3,1;3;{"length": 21884624855.45466, "unique": 2406, "row_size": 34048, "cache_age": 5};{"length": 2557.0, "unique": 2557, "row_size": 11048, "cache_age": 5};{"selectivity": 0.0007093088955621289}
[2023-11-22T14:48:04];ssb/q41;0,2,3,1;1;{"length": 39692206382.93794, "unique": 20000, "row_size": 45096, "cache_age": 5};{"length": 4102.0, "unique": 20000, "row_size": 12400, "cache_age": 5};{"selectivity": 0.00019999999999999337}
[2023-11-22T14:48:05];ssb/q42;0,2,3,1;0;{"length": 59986217.0, "unique": 200000, "row_size": 5072, "cache_age": 5};{"length": 59761.0, "unique": 300000, "row_size": 14456, "cache_age": 5};{"selectivity": 0.0001638026412376341}
[2023-11-22T14:48:05];ssb/q42;0,2,3,1;2;{"length": 587205656.6602256, "unique": 600000, "row_size": 19528, "cache_age": 5};{"length": 319679.0, "unique": 800000, "row_size": 14520, "cache_age": 5};{"selectivity": 0.00011658287680508012}
[2023-11-22T14:48:05];ssb/q42;0,2,3,1;3;{"length": 21884624855.45466, "unique": 2406, "row_size": 34048, "cache_age": 5};{"length": 730.5714285714286, "unique": 2557, "row_size": 11048, "cache_age": 5};{"selectivity": 0.0007093088955621289}
[2023-11-22T14:48:05];ssb/q42;0,2,3,1;1;{"length": 11340630395.125128, "unique": 20000, "row_size": 45096, "cache_age": 5};{"length": 4102.0, "unique": 20000, "row_size": 12400, "cache_age": 5};{"selectivity": 0.00019999999999999337}
[2023-11-22T14:48:07];ssb/q43;0,2,3,1;0;{"length": 59986217.0, "unique": 200000, "row_size": 5072, "cache_age": 5};{"length": 59761.0, "unique": 300000, "row_size": 14456, "cache_age": 5};{"selectivity": 0.0001638026412376341}
[2023-11-22T14:48:07];ssb/q43;0,2,3,1;2;{"length": 587205656.6602256, "unique": 600000, "row_size": 19528, "cache_age": 5};{"length": 31987.0, "unique": 800000, "row_size": 14520, "cache_age": 5};{"selectivity": 0.00011658287680508012}
[2023-11-22T14:48:07];ssb/q43;0,2,3,1;3;{"length": 2189770035.7278023, "unique": 2406, "row_size": 34048, "cache_age": 5};{"length": 730.5714285714286, "unique": 2557, "row_size": 11048, "cache_age": 5};{"selectivity": 0.0007093088955621289}
[2023-11-22T14:48:07];ssb/q43;0,2,3,1;1;{"length": 1134740613.0802069, "unique": 20000, "row_size": 45096, "cache_age": 5};{"length": 809.0, "unique": 20000, "row_size": 12400, "cache_age": 5};{"selectivity": 0.00019999999999999337}
[2023-11-22T14:48:08];ssb/q41;1,3,2,0;1;{"length": 59986217.0, "unique": 20000, "row_size": 5072, "cache_age": 5};{"length": 4102.0, "unique": 20000, "row_size": 12400, "cache_age": 5};{"selectivity": 0.00019999999999999337}
[2023-11-22T14:48:08];ssb/q41;1,3,2,0;3;{"length": 49212692.42679837, "unique": 2406, "row_size": 17472, "cache_age": 5};{"length": 2557.0, "unique": 2557, "row_size": 11048, "cache_age": 5};{"selectivity": 0.0007093088955621289}
[2023-11-22T14:48:08];ssb/q41;1,3,2,0;2;{"length": 89257200.31146254, "unique": 600000, "row_size": 28520, "cache_age": 5};{"length": 319679.0, "unique": 800000, "row_size": 14520, "cache_age": 5};{"selectivity": 0.00011658287680508012}
[2023-11-22T14:48:08];ssb/q41;1,3,2,0;0;{"length": 3326535298.6795216, "unique": 200000, "row_size": 43040, "cache_age": 5};{"length": 59761.0, "unique": 300000, "row_size": 14456, "cache_age": 5};{"selectivity": 0.0001638026412376341}
[2023-11-22T14:48:10];ssb/q42;1,3,2,0;1;{"length": 59986217.0, "unique": 20000, "row_size": 5072, "cache_age": 5};{"length": 4102.0, "unique": 20000, "row_size": 12400, "cache_age": 5};{"selectivity": 0.00019999999999999337}
[2023-11-22T14:48:10];ssb/q42;1,3,2,0;3;{"length": 49212692.42679837, "unique": 2406, "row_size": 17472, "cache_age": 5};{"length": 730.5714285714286, "unique": 2557, "row_size": 11048, "cache_age": 5};{"selectivity": 0.0007093088955621289}
[2023-11-22T14:48:10];ssb/q42;1,3,2,0;2;{"length": 25502057.231846444, "unique": 600000, "row_size": 28520, "cache_age": 5};{"length": 319679.0, "unique": 800000, "row_size": 14520, "cache_age": 5};{"selectivity": 0.00011658287680508012}
[2023-11-22T14:48:10];ssb/q42;1,3,2,0;0;{"length": 950438656.7655778, "unique": 200000, "row_size": 43040, "cache_age": 5};{"length": 59761.0, "unique": 300000, "row_size": 14456, "cache_age": 5};{"selectivity": 0.0001638026412376341}
[2023-11-22T14:48:11];ssb/q43;1,3,2,0;1;{"length": 59986217.0, "unique": 20000, "row_size": 5072, "cache_age": 5};{"length": 809.0, "unique": 20000, "row_size": 12400, "cache_age": 5};{"selectivity": 0.00019999999999999337}
[2023-11-22T14:48:11];ssb/q43;1,3,2,0;3;{"length": 9705769.910599679, "unique": 2406, "row_size": 17472, "cache_age": 5};{"length": 730.5714285714286, "unique": 2557, "row_size": 11048, "cache_age": 5};{"selectivity": 0.0007093088955621289}
[2023-11-22T14:48:11];ssb/q43;1,3,2,0;2;{"length": 5029537.85971813, "unique": 600000, "row_size": 28520, "cache_age": 5};{"length": 31987.0, "unique": 800000, "row_size": 14520, "cache_age": 5};{"selectivity": 0.00011658287680508012}
[2023-11-22T14:48:11];ssb/q43;1,3,2,0;0;{"length": 18755833.11204724, "unique": 200000, "row_size": 43040, "cache_age": 5};{"length": 59761.0, "unique": 300000, "row_size": 14456, "cache_age": 5};{"selectivity": 0.0001638026412376341}
[2023-11-22T14:48:13];ssb/q41;2,3,0,1;2;{"length": 59986217.0, "unique": 600000, "row_size": 5072, "cache_age": 5};{"length": 319679.0, "unique": 800000, "row_size": 14520, "cache_age": 5};{"selectivity": 0.00011658287680508012}
[2023-11-22T14:48:13];ssb/q41;2,3,0,1;3;{"length": 2235632168.479786, "unique": 2406, "row_size": 19592, "cache_age": 5};{"length": 2557.0, "unique": 2557, "row_size": 11048, "cache_age": 5};{"selectivity": 0.0007093088955621289}
[2023-11-22T14:48:13];ssb/q41;2,3,0,1;0;{"length": 4054772426.474441, "unique": 200000, "row_size": 30640, "cache_age": 5};{"length": 59761.0, "unique": 300000, "row_size": 14456, "cache_age": 5};{"selectivity": 0.0001638026412376341}
[2023-11-22T14:48:13];ssb/q41;2,3,0,1;1;{"length": 39692206382.937935, "unique": 20000, "row_size": 45096, "cache_age": 5};{"length": 4102.0, "unique": 20000, "row_size": 12400, "cache_age": 5};{"selectivity": 0.00019999999999999337}
[2023-11-22T14:48:14];ssb/q42;2,3,0,1;2;{"length": 59986217.0, "unique": 600000, "row_size": 5072, "cache_age": 5};{"length": 319679.0, "unique": 800000, "row_size": 14520, "cache_age": 5};{"selectivity": 0.00011658287680508012}
[2023-11-22T14:48:14];ssb/q42;2,3,0,1;3;{"length": 2235632168.479786, "unique": 2406, "row_size": 19592, "cache_age": 5};{"length": 730.5714285714286, "unique": 2557, "row_size": 11048, "cache_age": 5};{"selectivity": 0.0007093088955621289}
[2023-11-22T14:48:14];ssb/q42;2,3,0,1;0;{"length": 1158506407.564126, "unique": 200000, "row_size": 30640, "cache_age": 5};{"length": 59761.0, "unique": 300000, "row_size": 14456, "cache_age": 5};{"selectivity": 0.0001638026412376341}
[2023-11-22T14:48:14];ssb/q42;2,3,0,1;1;{"length": 11340630395.125128, "unique": 20000, "row_size": 45096, "cache_age": 5};{"length": 4102.0, "unique": 20000, "row_size": 12400, "cache_age": 5};{"selectivity": 0.00019999999999999337}
[2023-11-22T14:48:16];ssb/q43;2,3,0,1;2;{"length": 59986217.0, "unique": 600000, "row_size": 5072, "cache_age": 5};{"length": 31987.0, "unique": 800000, "row_size": 14520, "cache_age": 5};{"selectivity": 0.00011658287680508012}
[2023-11-22T14:48:16];ssb/q43;2,3,0,1;3;{"length": 223696790.13373697, "unique": 2406, "row_size": 19592, "cache_age": 5};{"length": 730.5714285714286, "unique": 2557, "row_size": 11048, "cache_age": 5};{"selectivity": 0.0007093088955621289}
[2023-11-22T14:48:16];ssb/q43;2,3,0,1;0;{"length": 115919858.54170497, "unique": 200000, "row_size": 30640, "cache_age": 5};{"length": 59761.0, "unique": 300000, "row_size": 14456, "cache_age": 5};{"selectivity": 0.0001638026412376341}
[2023-11-22T14:48:16];ssb/q43;2,3,0,1;1;{"length": 1134740613.0802069, "unique": 20000, "row_size": 45096, "cache_age": 5};{"length": 809.0, "unique": 20000, "row_size": 12400, "cache_age": 5};{"selectivity": 0.00019999999999999337}
[2023-11-22T14:48:17];ssb/q41;2,1,3,0;2;{"length": 59986217.0, "unique": 600000, "row_size": 5072, "cache_age": 5};{"length": 319679.0, "unique": 800000, "row_size": 14520, "cache_age": 5};{"selectivity": 0.00011658287680508012}
[2023-11-22T14:48:17];ssb/q41;2,1,3,0;1;{"length": 2235632168.479786, "unique": 20000, "row_size": 19592, "cache_age": 5};{"length": 4102.0, "unique": 20000, "row_size": 12400, "cache_age": 5};{"selectivity": 0.00019999999999999337}
[2023-11-22T14:48:17];ssb/q41;2,1,3,0;3;{"length": 1834112631.0207558, "unique": 2406, "row_size": 31992, "cache_age": 5};{"length": 2557.0, "unique": 2557, "row_size": 11048, "cache_age": 5};{"selectivity": 0.0007093088955621289}
[2023-11-22T14:48:17];ssb/q41;2,1,3,0;0;{"length": 3326535298.6795216, "unique": 200000, "row_size": 43040, "cache_age": 5};{"length": 59761.0, "unique": 300000, "row_size": 14456, "cache_age": 5};{"selectivity": 0.0001638026412376341}
[2023-11-22T14:48:19];ssb/q42;2,1,3,0;2;{"length": 59986217.0, "unique": 600000, "row_size": 5072, "cache_age": 5};{"length": 319679.0, "unique": 800000, "row_size": 14520, "cache_age": 5};{"selectivity": 0.00011658287680508012}
[2023-11-22T14:48:19];ssb/q42;2,1,3,0;1;{"length": 2235632168.479786, "unique": 20000, "row_size": 19592, "cache_age": 5};{"length": 4102.0, "unique": 20000, "row_size": 12400, "cache_age": 5};{"selectivity": 0.00019999999999999337}
[2023-11-22T14:48:19];ssb/q42;2,1,3,0;3;{"length": 1834112631.0207558, "unique": 2406, "row_size": 31992, "cache_age": 5};{"length": 730.5714285714286, "unique": 2557, "row_size": 11048, "cache_age": 5};{"selectivity": 0.0007093088955621289}
[2023-11-22T14:48:19];ssb/q42;2,1,3,0;0;{"length": 950438656.7655778, "unique": 200000, "row_size": 43040, "cache_age": 5};{"length": 59761.0, "unique": 300000, "row_size": 14456, "cache_age": 5};{"selectivity": 0.0001638026412376341}
[2023-11-22T14:48:20];ssb/q43;2,1,3,0;2;{"length": 59986217.0, "unique": 600000, "row_size": 5072, "cache_age": 5};{"length": 31987.0, "unique": 800000, "row_size": 14520, "cache_age": 5};{"selectivity": 0.00011658287680508012}
[2023-11-22T14:48:20];ssb/q43;2,1,3,0;1;{"length": 223696790.13373697, "unique": 20000, "row_size": 19592, "cache_age": 5};{"length": 809.0, "unique": 20000, "row_size": 12400, "cache_age": 5};{"selectivity": 0.00019999999999999337}
[2023-11-22T14:48:20];ssb/q43;2,1,3,0;3;{"length": 36194140.64363745, "unique": 2406, "row_size": 31992, "cache_age": 5};{"length": 730.5714285714286, "unique": 2557, "row_size": 11048, "cache_age": 5};{"selectivity": 0.0007093088955621289}
[2023-11-22T14:48:20];ssb/q43;2,1,3,0;0;{"length": 18755833.11204724, "unique": 200000, "row_size": 43040, "cache_age": 5};{"length": 59761.0, "unique": 300000, "row_size": 14456, "cache_age": 5};{"selectivity": 0.0001638026412376341}
[2023-11-22T14:48:21];ssb/q41;0,3,2,1;0;{"length": 59986217.0, "unique": 200000, "row_size": 5072, "cache_age": 5};{"length": 59761.0, "unique": 300000, "row_size": 14456, "cache_age": 5};{"selectivity": 0.0001638026412376341}
[2023-11-22T14:48:21];ssb/q41;0,3,2,1;3;{"length": 587205656.6602256, "unique": 2406, "row_size": 19528, "cache_age": 5};{"length": 2557.0, "unique": 2557, "row_size": 11048, "cache_age": 5};{"selectivity": 0.0007093088955621289}
[2023-11-22T14:48:21];ssb/q41;0,3,2,1;2;{"length": 1065016570.6439776, "unique": 600000, "row_size": 30576, "cache_age": 5};{"length": 319679.0, "unique": 800000, "row_size": 14520, "cache_age": 5};{"selectivity": 0.00011658287680508012}
[2023-11-22T14:48:21];ssb/q41;0,3,2,1;1;{"length": 39692206382.93794, "unique": 20000, "row_size": 45096, "cache_age": 5};{"length": 4102.0, "unique": 20000, "row_size": 12400, "cache_age": 5};{"selectivity": 0.00019999999999999337}
[2023-11-22T14:48:23];ssb/q42;0,3,2,1;0;{"length": 59986217.0, "unique": 200000, "row_size": 5072, "cache_age": 5};{"length": 59761.0, "unique": 300000, "row_size": 14456, "cache_age": 5};{"selectivity": 0.0001638026412376341}
[2023-11-22T14:48:23];ssb/q42;0,3,2,1;3;{"length": 587205656.6602256, "unique": 2406, "row_size": 19528, "cache_age": 5};{"length": 730.5714285714286, "unique": 2557, "row_size": 11048, "cache_age": 5};{"selectivity": 0.0007093088955621289}
[2023-11-22T14:48:23];ssb/q42;0,3,2,1;2;{"length": 304290448.7554222, "unique": 600000, "row_size": 30576, "cache_age": 5};{"length": 319679.0, "unique": 800000, "row_size": 14520, "cache_age": 5};{"selectivity": 0.00011658287680508012}
[2023-11-22T14:48:23];ssb/q42;0,3,2,1;1;{"length": 11340630395.125126, "unique": 20000, "row_size": 45096, "cache_age": 5};{"length": 4102.0, "unique": 20000, "row_size": 12400, "cache_age": 5};{"selectivity": 0.00019999999999999337}
[2023-11-22T14:48:24];ssb/q43;0,3,2,1;0;{"length": 59986217.0, "unique": 200000, "row_size": 5072, "cache_age": 5};{"length": 59761.0, "unique": 300000, "row_size": 14456, "cache_age": 5};{"selectivity": 0.0001638026412376341}
[2023-11-22T14:48:24];ssb/q43;0,3,2,1;3;{"length": 587205656.6602256, "unique": 2406, "row_size": 19528, "cache_age": 5};{"length": 730.5714285714286, "unique": 2557, "row_size": 11048, "cache_age": 5};{"selectivity": 0.0007093088955621289}
[2023-11-22T14:48:24];ssb/q43;0,3,2,1;2;{"length": 304290448.7554222, "unique": 600000, "row_size": 30576, "cache_age": 5};{"length": 31987.0, "unique": 800000, "row_size": 14520, "cache_age": 5};{"selectivity": 0.00011658287680508012}
[2023-11-22T14:48:24];ssb/q43;0,3,2,1;1;{"length": 1134740613.0802069, "unique": 20000, "row_size": 45096, "cache_age": 5};{"length": 809.0, "unique": 20000, "row_size": 12400, "cache_age": 5};{"selectivity": 0.00019999999999999337}
[2023-11-22T14:48:26];ssb/q41;2,0,1,3;2;{"length": 59986217.0, "unique": 600000, "row_size": 5072, "cache_age": 5};{"length": 319679.0, "unique": 800000, "row_size": 14520, "cache_age": 5};{"selectivity": 0.00011658287680508012}
[2023-11-22T14:48:26];ssb/q41;2,0,1,3;0;{"length": 2235632168.479786, "unique": 200000, "row_size": 19592, "cache_age": 5};{"length": 59761.0, "unique": 300000, "row_size": 14456, "cache_age": 5};{"selectivity": 0.0001638026412376341}
[2023-11-22T14:48:26];ssb/q41;2,0,1,3;1;{"length": 21884624855.45466, "unique": 20000, "row_size": 34048, "cache_age": 5};{"length": 4102.0, "unique": 20000, "row_size": 12400, "cache_age": 5};{"selectivity": 0.00019999999999999337}
[2023-11-22T14:48:26];ssb/q41;2,0,1,3;3;{"length": 17954146231.41441, "unique": 2406, "row_size": 46448, "cache_age": 5};{"length": 2557.0, "unique": 2557, "row_size": 11048, "cache_age": 5};{"selectivity": 0.0007093088955621289}
[2023-11-22T14:48:27];ssb/q42;2,0,1,3;2;{"length": 59986217.0, "unique": 600000, "row_size": 5072, "cache_age": 5};{"length": 319679.0, "unique": 800000, "row_size": 14520, "cache_age": 5};{"selectivity": 0.00011658287680508012}
[2023-11-22T14:48:27];ssb/q42;2,0,1,3;0;{"length": 2235632168.479786, "unique": 200000, "row_size": 19592, "cache_age": 5};{"length": 59761.0, "unique": 300000, "row_size": 14456, "cache_age": 5};{"selectivity": 0.0001638026412376341}
[2023-11-22T14:48:27];ssb/q42;2,0,1,3;1;{"length": 21884624855.45466, "unique": 20000, "row_size": 34048, "cache_age": 5};{"length": 4102.0, "unique": 20000, "row_size": 12400, "cache_age": 5};{"selectivity": 0.00019999999999999337}
[2023-11-22T14:48:27];ssb/q42;2,0,1,3;3;{"length": 17954146231.41441, "unique": 2406, "row_size": 46448, "cache_age": 5};{"length": 730.5714285714286, "unique": 2557, "row_size": 11048, "cache_age": 5};{"selectivity": 0.0007093088955621289}
[2023-11-22T14:48:29];ssb/q43;2,0,1,3;2;{"length": 59986217.0, "unique": 600000, "row_size": 5072, "cache_age": 5};{"length": 31987.0, "unique": 800000, "row_size": 14520, "cache_age": 5};{"selectivity": 0.00011658287680508012}
[2023-11-22T14:48:29];ssb/q43;2,0,1,3;0;{"length": 223696790.13373697, "unique": 200000, "row_size": 19592, "cache_age": 5};{"length": 59761.0, "unique": 300000, "row_size": 14456, "cache_age": 5};{"selectivity": 0.0001638026412376341}
[2023-11-22T14:48:29];ssb/q43;2,0,1,3;1;{"length": 2189770035.7278023, "unique": 20000, "row_size": 34048, "cache_age": 5};{"length": 809.0, "unique": 20000, "row_size": 12400, "cache_age": 5};{"selectivity": 0.00019999999999999337}
[2023-11-22T14:48:29];ssb/q43;2,0,1,3;3;{"length": 354304791.7807467, "unique": 2406, "row_size": 46448, "cache_age": 5};{"length": 730.5714285714286, "unique": 2557, "row_size": 11048, "cache_age": 5};{"selectivity": 0.0007093088955621289}
[2023-11-22T14:48:30];ssb/q41;1,0,2,3;1;{"length": 59986217.0, "unique": 20000, "row_size": 5072, "cache_age": 5};{"length": 4102.0, "unique": 20000, "row_size": 12400, "cache_age": 5};{"selectivity": 0.00019999999999999337}
[2023-11-22T14:48:30];ssb/q41;1,0,2,3;0;{"length": 49212692.42679837, "unique": 200000, "row_size": 17472, "cache_age": 5};{"length": 59761.0, "unique": 300000, "row_size": 14456, "cache_age": 5};{"selectivity": 0.0001638026412376341}
[2023-11-22T14:48:30];ssb/q41;1,0,2,3;2;{"length": 481743520.72403324, "unique": 600000, "row_size": 31928, "cache_age": 5};{"length": 319679.0, "unique": 800000, "row_size": 14520, "cache_age": 5};{"selectivity": 0.00011658287680508012}
[2023-11-22T14:48:30];ssb/q41;1,0,2,3;3;{"length": 17954146231.41441, "unique": 2406, "row_size": 46448, "cache_age": 5};{"length": 2557.0, "unique": 2557, "row_size": 11048, "cache_age": 5};{"selectivity": 0.0007093088955621289}
[2023-11-22T14:48:32];ssb/q42;1,0,2,3;1;{"length": 59986217.0, "unique": 20000, "row_size": 5072, "cache_age": 5};{"length": 4102.0, "unique": 20000, "row_size": 12400, "cache_age": 5};{"selectivity": 0.00019999999999999337}
[2023-11-22T14:48:32];ssb/q42;1,0,2,3;0;{"length": 49212692.42679837, "unique": 200000, "row_size": 17472, "cache_age": 5};{"length": 59761.0, "unique": 300000, "row_size": 14456, "cache_age": 5};{"selectivity": 0.0001638026412376341}
[2023-11-22T14:48:32];ssb/q42;1,0,2,3;2;{"length": 481743520.72403324, "unique": 600000, "row_size": 31928, "cache_age": 5};{"length": 319679.0, "unique": 800000, "row_size": 14520, "cache_age": 5};{"selectivity": 0.00011658287680508012}
[2023-11-22T14:48:32];ssb/q42;1,0,2,3;3;{"length": 17954146231.41441, "unique": 2406, "row_size": 46448, "cache_age": 5};{"length": 730.5714285714286, "unique": 2557, "row_size": 11048, "cache_age": 5};{"selectivity": 0.0007093088955621289}
[2023-11-22T14:48:33];ssb/q43;1,0,2,3;1;{"length": 59986217.0, "unique": 20000, "row_size": 5072, "cache_age": 5};{"length": 809.0, "unique": 20000, "row_size": 12400, "cache_age": 5};{"selectivity": 0.00019999999999999337}
[2023-11-22T14:48:33];ssb/q43;1,0,2,3;0;{"length": 9705769.910599679, "unique": 200000, "row_size": 17472, "cache_age": 5};{"length": 59761.0, "unique": 300000, "row_size": 14456, "cache_age": 5};{"selectivity": 0.0001638026412376341}
[2023-11-22T14:48:33];ssb/q43;1,0,2,3;2;{"length": 95009875.24762137, "unique": 600000, "row_size": 31928, "cache_age": 5};{"length": 31987.0, "unique": 800000, "row_size": 14520, "cache_age": 5};{"selectivity": 0.00011658287680508012}
[2023-11-22T14:48:33];ssb/q43;1,0,2,3;3;{"length": 354304791.78074676, "unique": 2406, "row_size": 46448, "cache_age": 5};{"length": 730.5714285714286, "unique": 2557, "row_size": 11048, "cache_age": 5};{"selectivity": 0.0007093088955621289}
[2023-11-22T14:48:34];ssb/q41;1,0,3,2;1;{"length": 59986217.0, "unique": 20000, "row_size": 5072, "cache_age": 5};{"length": 4102.0, "unique": 20000, "row_size": 12400, "cache_age": 5};{"selectivity": 0.00019999999999999337}
[2023-11-22T14:48:34];ssb/q41;1,0,3,2;0;{"length": 49212692.42679837, "unique": 200000, "row_size": 17472, "cache_age": 5};{"length": 59761.0, "unique": 300000, "row_size": 14456, "cache_age": 5};{"selectivity": 0.0001638026412376341}
[2023-11-22T14:48:34];ssb/q41;1,0,3,2;3;{"length": 481743520.72403324, "unique": 2406, "row_size": 31928, "cache_age": 5};{"length": 2557.0, "unique": 2557, "row_size": 11048, "cache_age": 5};{"selectivity": 0.0007093088955621289}
[2023-11-22T14:48:34];ssb/q41;1,0,3,2;2;{"length": 873739594.5562904, "unique": 600000, "row_size": 42976, "cache_age": 5};{"length": 319679.0, "unique": 800000, "row_size": 14520, "cache_age": 5};{"selectivity": 0.00011658287680508012}
[2023-11-22T14:48:36];ssb/q42;1,0,3,2;1;{"length": 59986217.0, "unique": 20000, "row_size": 5072, "cache_age": 5};{"length": 4102.0, "unique": 20000, "row_size": 12400, "cache_age": 5};{"selectivity": 0.00019999999999999337}
[2023-11-22T14:48:36];ssb/q42;1,0,3,2;0;{"length": 49212692.42679837, "unique": 200000, "row_size": 17472, "cache_age": 5};{"length": 59761.0, "unique": 300000, "row_size": 14456, "cache_age": 5};{"selectivity": 0.0001638026412376341}
[2023-11-22T14:48:36];ssb/q42;1,0,3,2;3;{"length": 481743520.72403324, "unique": 2406, "row_size": 31928, "cache_age": 5};{"length": 730.5714285714286, "unique": 2557, "row_size": 11048, "cache_age": 5};{"selectivity": 0.0007093088955621289}
[2023-11-22T14:48:36];ssb/q42;1,0,3,2;2;{"length": 249639884.15894014, "unique": 600000, "row_size": 42976, "cache_age": 5};{"length": 319679.0, "unique": 800000, "row_size": 14520, "cache_age": 5};{"selectivity": 0.00011658287680508012}
[2023-11-22T14:48:38];ssb/q43;1,0,3,2;1;{"length": 59986217.0, "unique": 20000, "row_size": 5072, "cache_age": 5};{"length": 809.0, "unique": 20000, "row_size": 12400, "cache_age": 5};{"selectivity": 0.00019999999999999337}
[2023-11-22T14:48:38];ssb/q43;1,0,3,2;0;{"length": 9705769.910599679, "unique": 200000, "row_size": 17472, "cache_age": 5};{"length": 59761.0, "unique": 300000, "row_size": 14456, "cache_age": 5};{"selectivity": 0.0001638026412376341}
[2023-11-22T14:48:38];ssb/q43;1,0,3,2;3;{"length": 95009875.24762137, "unique": 2406, "row_size": 31928, "cache_age": 5};{"length": 730.5714285714286, "unique": 2557, "row_size": 11048, "cache_age": 5};{"selectivity": 0.0007093088955621289}
[2023-11-22T14:48:38];ssb/q43;1,0,3,2;2;{"length": 49234194.60862568, "unique": 600000, "row_size": 42976, "cache_age": 5};{"length": 31987.0, "unique": 800000, "row_size": 14520, "cache_age": 5};{"selectivity": 0.00011658287680508012}
[2023-11-22T14:48:39];ssb/q41;2,0,3,1;2;{"length": 59986217.0, "unique": 600000, "row_size": 5072, "cache_age": 5};{"length": 319679.0, "unique": 800000, "row_size": 14520, "cache_age": 5};{"selectivity": 0.00011658287680508012}
[2023-11-22T14:48:39];ssb/q41;2,0,3,1;0;{"length": 2235632168.479786, "unique": 200000, "row_size": 19592, "cache_age": 5};{"length": 59761.0, "unique": 300000, "row_size": 14456, "cache_age": 5};{"selectivity": 0.0001638026412376341}
[2023-11-22T14:48:39];ssb/q41;2,0,3,1;3;{"length": 21884624855.45466, "unique": 2406, "row_size": 34048, "cache_age": 5};{"length": 2557.0, "unique": 2557, "row_size": 11048, "cache_age": 5};{"selectivity": 0.0007093088955621289}
[2023-11-22T14:48:39];ssb/q41;2,0,3,1;1;{"length": 39692206382.93794, "unique": 20000, "row_size": 45096, "cache_age": 5};{"length": 4102.0, "unique": 20000, "row_size": 12400, "cache_age": 5};{"selectivity": 0.00019999999999999337}
[2023-11-22T14:48:40];ssb/q42;2,0,3,1;2;{"length": 59986217.0, "unique": 600000, "row_size": 5072, "cache_age": 5};{"length": 319679.0, "unique": 800000, "row_size": 14520, "cache_age": 5};{"selectivity": 0.00011658287680508012}
[2023-11-22T14:48:40];ssb/q42;2,0,3,1;0;{"length": 2235632168.479786, "unique": 200000, "row_size": 19592, "cache_age": 5};{"length": 59761.0, "unique": 300000, "row_size": 14456, "cache_age": 5};{"selectivity": 0.0001638026412376341}
[2023-11-22T14:48:40];ssb/q42;2,0,3,1;3;{"length": 21884624855.45466, "unique": 2406, "row_size": 34048, "cache_age": 5};{"length": 730.5714285714286, "unique": 2557, "row_size": 11048, "cache_age": 5};{"selectivity": 0.0007093088955621289}
[2023-11-22T14:48:40];ssb/q42;2,0,3,1;1;{"length": 11340630395.125128, "unique": 20000, "row_size": 45096, "cache_age": 5};{"length": 4102.0, "unique": 20000, "row_size": 12400, "cache_age": 5};{"selectivity": 0.00019999999999999337}
[2023-11-22T14:48:42];ssb/q43;2,0,3,1;2;{"length": 59986217.0, "unique": 600000, "row_size": 5072, "cache_age": 5};{"length": 31987.0, "unique": 800000, "row_size": 14520, "cache_age": 5};{"selectivity": 0.00011658287680508012}
[2023-11-22T14:48:42];ssb/q43;2,0,3,1;0;{"length": 223696790.13373697, "unique": 200000, "row_size": 19592, "cache_age": 5};{"length": 59761.0, "unique": 300000, "row_size": 14456, "cache_age": 5};{"selectivity": 0.0001638026412376341}
[2023-11-22T14:48:42];ssb/q43;2,0,3,1;3;{"length": 2189770035.7278023, "unique": 2406, "row_size": 34048, "cache_age": 5};{"length": 730.5714285714286, "unique": 2557, "row_size": 11048, "cache_age": 5};{"selectivity": 0.0007093088955621289}
[2023-11-22T14:48:42];ssb/q43;2,0,3,1;1;{"length": 1134740613.0802069, "unique": 20000, "row_size": 45096, "cache_age": 5};{"length": 809.0, "unique": 20000, "row_size": 12400, "cache_age": 5};{"selectivity": 0.00019999999999999337}
[2023-11-22T14:48:43];ssb/q41;0,3,1,2;0;{"length": 59986217.0, "unique": 200000, "row_size": 5072, "cache_age": 5};{"length": 59761.0, "unique": 300000, "row_size": 14456, "cache_age": 5};{"selectivity": 0.0001638026412376341}
[2023-11-22T14:48:43];ssb/q41;0,3,1,2;3;{"length": 587205656.6602256, "unique": 2406, "row_size": 19528, "cache_age": 5};{"length": 2557.0, "unique": 2557, "row_size": 11048, "cache_age": 5};{"selectivity": 0.0007093088955621289}
[2023-11-22T14:48:43];ssb/q41;0,3,1,2;1;{"length": 1065016570.6439775, "unique": 20000, "row_size": 30576, "cache_age": 5};{"length": 4102.0, "unique": 20000, "row_size": 12400, "cache_age": 5};{"selectivity": 0.00019999999999999337}
[2023-11-22T14:48:43];ssb/q41;0,3,1,2;2;{"length": 873739594.5562903, "unique": 600000, "row_size": 42976, "cache_age": 5};{"length": 319679.0, "unique": 800000, "row_size": 14520, "cache_age": 5};{"selectivity": 0.00011658287680508012}
[2023-11-22T14:48:45];ssb/q42;0,3,1,2;0;{"length": 59986217.0, "unique": 200000, "row_size": 5072, "cache_age": 5};{"length": 59761.0, "unique": 300000, "row_size": 14456, "cache_age": 5};{"selectivity": 0.0001638026412376341}
[2023-11-22T14:48:45];ssb/q42;0,3,1,2;3;{"length": 587205656.6602256, "unique": 2406, "row_size": 19528, "cache_age": 5};{"length": 730.5714285714286, "unique": 2557, "row_size": 11048, "cache_age": 5};{"selectivity": 0.0007093088955621289}
[2023-11-22T14:48:45];ssb/q42;0,3,1,2;1;{"length": 304290448.7554222, "unique": 20000, "row_size": 30576, "cache_age": 5};{"length": 4102.0, "unique": 20000, "row_size": 12400, "cache_age": 5};{"selectivity": 0.00019999999999999337}
[2023-11-22T14:48:45];ssb/q42;0,3,1,2;2;{"length": 249639884.1589401, "unique": 600000, "row_size": 42976, "cache_age": 5};{"length": 319679.0, "unique": 800000, "row_size": 14520, "cache_age": 5};{"selectivity": 0.00011658287680508012}
[2023-11-22T14:48:46];ssb/q43;0,3,1,2;0;{"length": 59986217.0, "unique": 200000, "row_size": 5072, "cache_age": 5};{"length": 59761.0, "unique": 300000, "row_size": 14456, "cache_age": 5};{"selectivity": 0.0001638026412376341}
[2023-11-22T14:48:46];ssb/q43;0,3,1,2;3;{"length": 587205656.6602256, "unique": 2406, "row_size": 19528, "cache_age": 5};{"length": 730.5714285714286, "unique": 2557, "row_size": 11048, "cache_age": 5};{"selectivity": 0.0007093088955621289}
[2023-11-22T14:48:46];ssb/q43;0,3,1,2;1;{"length": 304290448.7554222, "unique": 20000, "row_size": 30576, "cache_age": 5};{"length": 809.0, "unique": 20000, "row_size": 12400, "cache_age": 5};{"selectivity": 0.00019999999999999337}
[2023-11-22T14:48:46];ssb/q43;0,3,1,2;2;{"length": 49234194.60862569, "unique": 600000, "row_size": 42976, "cache_age": 5};{"length": 31987.0, "unique": 800000, "row_size": 14520, "cache_age": 5};{"selectivity": 0.00011658287680508012}
[2023-11-22T14:48:48];ssb/q41;3,0,2,1;3;{"length": 59986217.0, "unique": 2406, "row_size": 5072, "cache_age": 5};{"length": 2557.0, "unique": 2557, "row_size": 11048, "cache_age": 5};{"selectivity": 0.0007093088955621289}
[2023-11-22T14:48:48];ssb/q41;3,0,2,1;0;{"length": 108797172.49081604, "unique": 200000, "row_size": 16120, "cache_age": 5};{"length": 59761.0, "unique": 300000, "row_size": 14456, "cache_age": 5};{"selectivity": 0.0001638026412376341}
[2023-11-22T14:48:48];ssb/q41;3,0,2,1;2;{"length": 1065016570.6439776, "unique": 600000, "row_size": 30576, "cache_age": 5};{"length": 319679.0, "unique": 800000, "row_size": 14520, "cache_age": 5};{"selectivity": 0.00011658287680508012}
[2023-11-22T14:48:48];ssb/q41;3,0,2,1;1;{"length": 39692206382.93794, "unique": 20000, "row_size": 45096, "cache_age": 5};{"length": 4102.0, "unique": 20000, "row_size": 12400, "cache_age": 5};{"selectivity": 0.00019999999999999337}
[2023-11-22T14:48:50];ssb/q42;3,0,2,1;3;{"length": 59986217.0, "unique": 2406, "row_size": 5072, "cache_age": 5};{"length": 730.5714285714286, "unique": 2557, "row_size": 11048, "cache_age": 5};{"selectivity": 0.0007093088955621289}
[2023-11-22T14:48:50];ssb/q42;3,0,2,1;0;{"length": 31084906.425947443, "unique": 200000, "row_size": 16120, "cache_age": 5};{"length": 59761.0, "unique": 300000, "row_size": 14456, "cache_age": 5};{"selectivity": 0.0001638026412376341}
[2023-11-22T14:48:50];ssb/q42;3,0,2,1;2;{"length": 304290448.7554222, "unique": 600000, "row_size": 30576, "cache_age": 5};{"length": 319679.0, "unique": 800000, "row_size": 14520, "cache_age": 5};{"selectivity": 0.00011658287680508012}
[2023-11-22T14:48:50];ssb/q42;3,0,2,1;1;{"length": 11340630395.125126, "unique": 20000, "row_size": 45096, "cache_age": 5};{"length": 4102.0, "unique": 20000, "row_size": 12400, "cache_age": 5};{"selectivity": 0.00019999999999999337}
[2023-11-22T14:48:51];ssb/q43;3,0,2,1;3;{"length": 59986217.0, "unique": 2406, "row_size": 5072, "cache_age": 5};{"length": 730.5714285714286, "unique": 2557, "row_size": 11048, "cache_age": 5};{"selectivity": 0.0007093088955621289}
[2023-11-22T14:48:51];ssb/q43;3,0,2,1;0;{"length": 31084906.425947443, "unique": 200000, "row_size": 16120, "cache_age": 5};{"length": 59761.0, "unique": 300000, "row_size": 14456, "cache_age": 5};{"selectivity": 0.0001638026412376341}
[2023-11-22T14:48:51];ssb/q43;3,0,2,1;2;{"length": 304290448.7554222, "unique": 600000, "row_size": 30576, "cache_age": 5};{"length": 31987.0, "unique": 800000, "row_size": 14520, "cache_age": 5};{"selectivity": 0.00011658287680508012}
[2023-11-22T14:48:51];ssb/q43;3,0,2,1;1;{"length": 1134740613.0802069, "unique": 20000, "row_size": 45096, "cache_age": 5};{"length": 809.0, "unique": 20000, "row_size": 12400, "cache_age": 5};{"selectivity": 0.00019999999999999337}
[2023-11-22T14:48:53];ssb/q41;0,2,1,3;0;{"length": 59986217.0, "unique": 200000, "row_size": 5072, "cache_age": 5};{"length": 59761.0, "unique": 300000, "row_size": 14456, "cache_age": 5};{"selectivity": 0.0001638026412376341}
[2023-11-22T14:48:53];ssb/q41;0,2,1,3;2;{"length": 587205656.6602256, "unique": 600000, "row_size": 19528, "cache_age": 5};{"length": 319679.0, "unique": 800000, "row_size": 14520, "cache_age": 5};{"selectivity": 0.00011658287680508012}
[2023-11-22T14:48:53];ssb/q41;0,2,1,3;1;{"length": 21884624855.45466, "unique": 20000, "row_size": 34048, "cache_age": 5};{"length": 4102.0, "unique": 20000, "row_size": 12400, "cache_age": 5};{"selectivity": 0.00019999999999999337}
[2023-11-22T14:48:53];ssb/q41;0,2,1,3;3;{"length": 17954146231.41441, "unique": 2406, "row_size": 46448, "cache_age": 5};{"length": 2557.0, "unique": 2557, "row_size": 11048, "cache_age": 5};{"selectivity": 0.0007093088955621289}
[2023-11-22T14:48:55];ssb/q42;0,2,1,3;0;{"length": 59986217.0, "unique": 200000, "row_size": 5072, "cache_age": 5};{"length": 59761.0, "unique": 300000, "row_size": 14456, "cache_age": 5};{"selectivity": 0.0001638026412376341}
[2023-11-22T14:48:55];ssb/q42;0,2,1,3;2;{"length": 587205656.6602256, "unique": 600000, "row_size": 19528, "cache_age": 5};{"length": 319679.0, "unique": 800000, "row_size": 14520, "cache_age": 5};{"selectivity": 0.00011658287680508012}
[2023-11-22T14:48:55];ssb/q42;0,2,1,3;1;{"length": 21884624855.45466, "unique": 20000, "row_size": 34048, "cache_age": 5};{"length": 4102.0, "unique": 20000, "row_size": 12400, "cache_age": 5};{"selectivity": 0.00019999999999999337}
[2023-11-22T14:48:55];ssb/q42;0,2,1,3;3;{"length": 17954146231.41441, "unique": 2406, "row_size": 46448, "cache_age": 5};{"length": 730.5714285714286, "unique": 2557, "row_size": 11048, "cache_age": 5};{"selectivity": 0.0007093088955621289}
[2023-11-22T14:48:56];ssb/q43;0,2,1,3;0;{"length": 59986217.0, "unique": 200000, "row_size": 5072, "cache_age": 5};{"length": 59761.0, "unique": 300000, "row_size": 14456, "cache_age": 5};{"selectivity": 0.0001638026412376341}
[2023-11-22T14:48:56];ssb/q43;0,2,1,3;2;{"length": 587205656.6602256, "unique": 600000, "row_size": 19528, "cache_age": 5};{"length": 31987.0, "unique": 800000, "row_size": 14520, "cache_age": 5};{"selectivity": 0.00011658287680508012}
[2023-11-22T14:48:56];ssb/q43;0,2,1,3;1;{"length": 2189770035.7278023, "unique": 20000, "row_size": 34048, "cache_age": 5};{"length": 809.0, "unique": 20000, "row_size": 12400, "cache_age": 5};{"selectivity": 0.00019999999999999337}
[2023-11-22T14:48:56];ssb/q43;0,2,1,3;3;{"length": 354304791.7807467, "unique": 2406, "row_size": 46448, "cache_age": 5};{"length": 730.5714285714286, "unique": 2557, "row_size": 11048, "cache_age": 5};{"selectivity": 0.0007093088955621289}
[2023-11-22T14:48:57];ssb/q41;3,1,0,2;3;{"length": 59986217.0, "unique": 2406, "row_size": 5072, "cache_age": 5};{"length": 2557.0, "unique": 2557, "row_size": 11048, "cache_age": 5};{"selectivity": 0.0007093088955621289}
[2023-11-22T14:48:57];ssb/q41;3,1,0,2;1;{"length": 108797172.49081604, "unique": 20000, "row_size": 16120, "cache_age": 5};{"length": 4102.0, "unique": 20000, "row_size": 12400, "cache_age": 5};{"selectivity": 0.00019999999999999337}
[2023-11-22T14:48:57];ssb/q41;3,1,0,2;0;{"length": 89257200.31146254, "unique": 200000, "row_size": 28520, "cache_age": 5};{"length": 59761.0, "unique": 300000, "row_size": 14456, "cache_age": 5};{"selectivity": 0.0001638026412376341}
[2023-11-22T14:48:57];ssb/q41;3,1,0,2;2;{"length": 873739594.5562904, "unique": 600000, "row_size": 42976, "cache_age": 5};{"length": 319679.0, "unique": 800000, "row_size": 14520, "cache_age": 5};{"selectivity": 0.00011658287680508012}
[2023-11-22T14:48:59];ssb/q42;3,1,0,2;3;{"length": 59986217.0, "unique": 2406, "row_size": 5072, "cache_age": 5};{"length": 730.5714285714286, "unique": 2557, "row_size": 11048, "cache_age": 5};{"selectivity": 0.0007093088955621289}
[2023-11-22T14:48:59];ssb/q42;3,1,0,2;1;{"length": 31084906.425947443, "unique": 20000, "row_size": 16120, "cache_age": 5};{"length": 4102.0, "unique": 20000, "row_size": 12400, "cache_age": 5};{"selectivity": 0.00019999999999999337}
[2023-11-22T14:48:59];ssb/q42;3,1,0,2;0;{"length": 25502057.231846444, "unique": 200000, "row_size": 28520, "cache_age": 5};{"length": 59761.0, "unique": 300000, "row_size": 14456, "cache_age": 5};{"selectivity": 0.0001638026412376341}
[2023-11-22T14:48:59];ssb/q42;3,1,0,2;2;{"length": 249639884.15894008, "unique": 600000, "row_size": 42976, "cache_age": 5};{"length": 319679.0, "unique": 800000, "row_size": 14520, "cache_age": 5};{"selectivity": 0.00011658287680508012}
[2023-11-22T14:49:00];ssb/q43;3,1,0,2;3;{"length": 59986217.0, "unique": 2406, "row_size": 5072, "cache_age": 5};{"length": 730.5714285714286, "unique": 2557, "row_size": 11048, "cache_age": 5};{"selectivity": 0.0007093088955621289}
[2023-11-22T14:49:00];ssb/q43;3,1,0,2;1;{"length": 31084906.425947443, "unique": 20000, "row_size": 16120, "cache_age": 5};{"length": 809.0, "unique": 20000, "row_size": 12400, "cache_age": 5};{"selectivity": 0.00019999999999999337}
[2023-11-22T14:49:00];ssb/q43;3,1,0,2;0;{"length": 5029537.85971813, "unique": 200000, "row_size": 28520, "cache_age": 5};{"length": 59761.0, "unique": 300000, "row_size": 14456, "cache_age": 5};{"selectivity": 0.0001638026412376341}
[2023-11-22T14:49:00];ssb/q43;3,1,0,2;2;{"length": 49234194.60862568, "unique": 600000, "row_size": 42976, "cache_age": 5};{"length": 31987.0, "unique": 800000, "row_size": 14520, "cache_age": 5};{"selectivity": 0.00011658287680508012}
[2023-11-22T14:49:02];ssb/q41;2,1,0,3;2;{"length": 59986217.0, "unique": 600000, "row_size": 5072, "cache_age": 5};{"length": 319679.0, "unique": 800000, "row_size": 14520, "cache_age": 5};{"selectivity": 0.00011658287680508012}
[2023-11-22T14:49:02];ssb/q41;2,1,0,3;1;{"length": 2235632168.479786, "unique": 20000, "row_size": 19592, "cache_age": 5};{"length": 4102.0, "unique": 20000, "row_size": 12400, "cache_age": 5};{"selectivity": 0.00019999999999999337}
[2023-11-22T14:49:02];ssb/q41;2,1,0,3;0;{"length": 1834112631.0207558, "unique": 200000, "row_size": 31992, "cache_age": 5};{"length": 59761.0, "unique": 300000, "row_size": 14456, "cache_age": 5};{"selectivity": 0.0001638026412376341}
[2023-11-22T14:49:02];ssb/q41;2,1,0,3;3;{"length": 17954146231.41441, "unique": 2406, "row_size": 46448, "cache_age": 5};{"length": 2557.0, "unique": 2557, "row_size": 11048, "cache_age": 5};{"selectivity": 0.0007093088955621289}
[2023-11-22T14:49:03];ssb/q42;2,1,0,3;2;{"length": 59986217.0, "unique": 600000, "row_size": 5072, "cache_age": 5};{"length": 319679.0, "unique": 800000, "row_size": 14520, "cache_age": 5};{"selectivity": 0.00011658287680508012}
[2023-11-22T14:49:03];ssb/q42;2,1,0,3;1;{"length": 2235632168.479786, "unique": 20000, "row_size": 19592, "cache_age": 5};{"length": 4102.0, "unique": 20000, "row_size": 12400, "cache_age": 5};{"selectivity": 0.00019999999999999337}
[2023-11-22T14:49:03];ssb/q42;2,1,0,3;0;{"length": 1834112631.0207558, "unique": 200000, "row_size": 31992, "cache_age": 5};{"length": 59761.0, "unique": 300000, "row_size": 14456, "cache_age": 5};{"selectivity": 0.0001638026412376341}
[2023-11-22T14:49:03];ssb/q42;2,1,0,3;3;{"length": 17954146231.41441, "unique": 2406, "row_size": 46448, "cache_age": 5};{"length": 730.5714285714286, "unique": 2557, "row_size": 11048, "cache_age": 5};{"selectivity": 0.0007093088955621289}
[2023-11-22T14:49:05];ssb/q43;2,1,0,3;2;{"length": 59986217.0, "unique": 600000, "row_size": 5072, "cache_age": 5};{"length": 31987.0, "unique": 800000, "row_size": 14520, "cache_age": 5};{"selectivity": 0.00011658287680508012}
[2023-11-22T14:49:05];ssb/q43;2,1,0,3;1;{"length": 223696790.13373697, "unique": 20000, "row_size": 19592, "cache_age": 5};{"length": 809.0, "unique": 20000, "row_size": 12400, "cache_age": 5};{"selectivity": 0.00019999999999999337}
[2023-11-22T14:49:05];ssb/q43;2,1,0,3;0;{"length": 36194140.64363745, "unique": 200000, "row_size": 31992, "cache_age": 5};{"length": 59761.0, "unique": 300000, "row_size": 14456, "cache_age": 5};{"selectivity": 0.0001638026412376341}
[2023-11-22T14:49:05];ssb/q43;2,1,0,3;3;{"length": 354304791.78074676, "unique": 2406, "row_size": 46448, "cache_age": 5};{"length": 730.5714285714286, "unique": 2557, "row_size": 11048, "cache_age": 5};{"selectivity": 0.0007093088955621289}
[2023-11-22T14:49:06];ssb/q41;1,2,0,3;1;{"length": 59986217.0, "unique": 20000, "row_size": 5072, "cache_age": 5};{"length": 4102.0, "unique": 20000, "row_size": 12400, "cache_age": 5};{"selectivity": 0.00019999999999999337}
[2023-11-22T14:49:06];ssb/q41;1,2,0,3;2;{"length": 49212692.42679837, "unique": 600000, "row_size": 17472, "cache_age": 5};{"length": 319679.0, "unique": 800000, "row_size": 14520, "cache_age": 5};{"selectivity": 0.00011658287680508012}
[2023-11-22T14:49:06];ssb/q41;1,2,0,3;0;{"length": 1834112631.0207558, "unique": 200000, "row_size": 31992, "cache_age": 5};{"length": 59761.0, "unique": 300000, "row_size": 14456, "cache_age": 5};{"selectivity": 0.0001638026412376341}
[2023-11-22T14:49:06];ssb/q41;1,2,0,3;3;{"length": 17954146231.41441, "unique": 2406, "row_size": 46448, "cache_age": 5};{"length": 2557.0, "unique": 2557, "row_size": 11048, "cache_age": 5};{"selectivity": 0.0007093088955621289}
[2023-11-22T14:49:08];ssb/q42;1,2,0,3;1;{"length": 59986217.0, "unique": 20000, "row_size": 5072, "cache_age": 5};{"length": 4102.0, "unique": 20000, "row_size": 12400, "cache_age": 5};{"selectivity": 0.00019999999999999337}
[2023-11-22T14:49:08];ssb/q42;1,2,0,3;2;{"length": 49212692.42679837, "unique": 600000, "row_size": 17472, "cache_age": 5};{"length": 319679.0, "unique": 800000, "row_size": 14520, "cache_age": 5};{"selectivity": 0.00011658287680508012}
[2023-11-22T14:49:08];ssb/q42;1,2,0,3;0;{"length": 1834112631.0207558, "unique": 200000, "row_size": 31992, "cache_age": 5};{"length": 59761.0, "unique": 300000, "row_size": 14456, "cache_age": 5};{"selectivity": 0.0001638026412376341}
[2023-11-22T14:49:08];ssb/q42;1,2,0,3;3;{"length": 17954146231.41441, "unique": 2406, "row_size": 46448, "cache_age": 5};{"length": 730.5714285714286, "unique": 2557, "row_size": 11048, "cache_age": 5};{"selectivity": 0.0007093088955621289}
[2023-11-22T14:49:09];ssb/q43;1,2,0,3;1;{"length": 59986217.0, "unique": 20000, "row_size": 5072, "cache_age": 5};{"length": 809.0, "unique": 20000, "row_size": 12400, "cache_age": 5};{"selectivity": 0.00019999999999999337}
[2023-11-22T14:49:09];ssb/q43;1,2,0,3;2;{"length": 9705769.910599679, "unique": 600000, "row_size": 17472, "cache_age": 5};{"length": 31987.0, "unique": 800000, "row_size": 14520, "cache_age": 5};{"selectivity": 0.00011658287680508012}
[2023-11-22T14:49:09];ssb/q43;1,2,0,3;0;{"length": 36194140.64363745, "unique": 200000, "row_size": 31992, "cache_age": 5};{"length": 59761.0, "unique": 300000, "row_size": 14456, "cache_age": 5};{"selectivity": 0.0001638026412376341}
[2023-11-22T14:49:09];ssb/q43;1,2,0,3;3;{"length": 354304791.78074676, "unique": 2406, "row_size": 46448, "cache_age": 5};{"length": 730.5714285714286, "unique": 2557, "row_size": 11048, "cache_age": 5};{"selectivity": 0.0007093088955621289}
[2023-11-22T14:49:11];ssb/q41;3,1,2,0;3;{"length": 59986217.0, "unique": 2406, "row_size": 5072, "cache_age": 5};{"length": 2557.0, "unique": 2557, "row_size": 11048, "cache_age": 5};{"selectivity": 0.0007093088955621289}
[2023-11-22T14:49:11];ssb/q41;3,1,2,0;1;{"length": 108797172.49081604, "unique": 20000, "row_size": 16120, "cache_age": 5};{"length": 4102.0, "unique": 20000, "row_size": 12400, "cache_age": 5};{"selectivity": 0.00019999999999999337}
[2023-11-22T14:49:11];ssb/q41;3,1,2,0;2;{"length": 89257200.31146254, "unique": 600000, "row_size": 28520, "cache_age": 5};{"length": 319679.0, "unique": 800000, "row_size": 14520, "cache_age": 5};{"selectivity": 0.00011658287680508012}
[2023-11-22T14:49:11];ssb/q41;3,1,2,0;0;{"length": 3326535298.679522, "unique": 200000, "row_size": 43040, "cache_age": 5};{"length": 59761.0, "unique": 300000, "row_size": 14456, "cache_age": 5};{"selectivity": 0.0001638026412376341}
[2023-11-22T14:49:12];ssb/q42;3,1,2,0;3;{"length": 59986217.0, "unique": 2406, "row_size": 5072, "cache_age": 5};{"length": 730.5714285714286, "unique": 2557, "row_size": 11048, "cache_age": 5};{"selectivity": 0.0007093088955621289}
[2023-11-22T14:49:12];ssb/q42;3,1,2,0;1;{"length": 31084906.425947443, "unique": 20000, "row_size": 16120, "cache_age": 5};{"length": 4102.0, "unique": 20000, "row_size": 12400, "cache_age": 5};{"selectivity": 0.00019999999999999337}
[2023-11-22T14:49:12];ssb/q42;3,1,2,0;2;{"length": 25502057.231846444, "unique": 600000, "row_size": 28520, "cache_age": 5};{"length": 319679.0, "unique": 800000, "row_size": 14520, "cache_age": 5};{"selectivity": 0.00011658287680508012}
[2023-11-22T14:49:12];ssb/q42;3,1,2,0;0;{"length": 950438656.7655778, "unique": 200000, "row_size": 43040, "cache_age": 5};{"length": 59761.0, "unique": 300000, "row_size": 14456, "cache_age": 5};{"selectivity": 0.0001638026412376341}
[2023-11-22T14:49:14];ssb/q43;3,1,2,0;3;{"length": 59986217.0, "unique": 2406, "row_size": 5072, "cache_age": 5};{"length": 730.5714285714286, "unique": 2557, "row_size": 11048, "cache_age": 5};{"selectivity": 0.0007093088955621289}
[2023-11-22T14:49:14];ssb/q43;3,1,2,0;1;{"length": 31084906.425947443, "unique": 20000, "row_size": 16120, "cache_age": 5};{"length": 809.0, "unique": 20000, "row_size": 12400, "cache_age": 5};{"selectivity": 0.00019999999999999337}
[2023-11-22T14:49:14];ssb/q43;3,1,2,0;2;{"length": 5029537.85971813, "unique": 600000, "row_size": 28520, "cache_age": 5};{"length": 31987.0, "unique": 800000, "row_size": 14520, "cache_age": 5};{"selectivity": 0.00011658287680508012}
[2023-11-22T14:49:14];ssb/q43;3,1,2,0;0;{"length": 18755833.11204724, "unique": 200000, "row_size": 43040, "cache_age": 5};{"length": 59761.0, "unique": 300000, "row_size": 14456, "cache_age": 5};{"selectivity": 0.0001638026412376341}
[2023-11-22T14:49:15];ssb/q41;3,2,1,0;3;{"length": 59986217.0, "unique": 2406, "row_size": 5072, "cache_age": 5};{"length": 2557.0, "unique": 2557, "row_size": 11048, "cache_age": 5};{"selectivity": 0.0007093088955621289}
[2023-11-22T14:49:15];ssb/q41;3,2,1,0;2;{"length": 108797172.49081604, "unique": 600000, "row_size": 16120, "cache_age": 5};{"length": 319679.0, "unique": 800000, "row_size": 14520, "cache_age": 5};{"selectivity": 0.00011658287680508012}
[2023-11-22T14:49:15];ssb/q41;3,2,1,0;1;{"length": 4054772426.474441, "unique": 20000, "row_size": 30640, "cache_age": 5};{"length": 4102.0, "unique": 20000, "row_size": 12400, "cache_age": 5};{"selectivity": 0.00019999999999999337}
[2023-11-22T14:49:15];ssb/q41;3,2,1,0;0;{"length": 3326535298.6795216, "unique": 200000, "row_size": 43040, "cache_age": 5};{"length": 59761.0, "unique": 300000, "row_size": 14456, "cache_age": 5};{"selectivity": 0.0001638026412376341}
[2023-11-22T14:49:17];ssb/q42;3,2,1,0;3;{"length": 59986217.0, "unique": 2406, "row_size": 5072, "cache_age": 5};{"length": 730.5714285714286, "unique": 2557, "row_size": 11048, "cache_age": 5};{"selectivity": 0.0007093088955621289}
[2023-11-22T14:49:17];ssb/q42;3,2,1,0;2;{"length": 31084906.425947443, "unique": 600000, "row_size": 16120, "cache_age": 5};{"length": 319679.0, "unique": 800000, "row_size": 14520, "cache_age": 5};{"selectivity": 0.00011658287680508012}
[2023-11-22T14:49:17];ssb/q42;3,2,1,0;1;{"length": 1158506407.5641263, "unique": 20000, "row_size": 30640, "cache_age": 5};{"length": 4102.0, "unique": 20000, "row_size": 12400, "cache_age": 5};{"selectivity": 0.00019999999999999337}
[2023-11-22T14:49:17];ssb/q42;3,2,1,0;0;{"length": 950438656.7655777, "unique": 200000, "row_size": 43040, "cache_age": 5};{"length": 59761.0, "unique": 300000, "row_size": 14456, "cache_age": 5};{"selectivity": 0.0001638026412376341}
[2023-11-22T14:49:18];ssb/q43;3,2,1,0;3;{"length": 59986217.0, "unique": 2406, "row_size": 5072, "cache_age": 5};{"length": 730.5714285714286, "unique": 2557, "row_size": 11048, "cache_age": 5};{"selectivity": 0.0007093088955621289}
[2023-11-22T14:49:18];ssb/q43;3,2,1,0;2;{"length": 31084906.425947443, "unique": 600000, "row_size": 16120, "cache_age": 5};{"length": 31987.0, "unique": 800000, "row_size": 14520, "cache_age": 5};{"selectivity": 0.00011658287680508012}
[2023-11-22T14:49:18];ssb/q43;3,2,1,0;1;{"length": 115919858.54170497, "unique": 20000, "row_size": 30640, "cache_age": 5};{"length": 809.0, "unique": 20000, "row_size": 12400, "cache_age": 5};{"selectivity": 0.00019999999999999337}
[2023-11-22T14:49:18];ssb/q43;3,2,1,0;0;{"length": 18755833.112047244, "unique": 200000, "row_size": 43040, "cache_age": 5};{"length": 59761.0, "unique": 300000, "row_size": 14456, "cache_age": 5};{"selectivity": 0.0001638026412376341}
[2023-11-22T14:49:20];ssb/q41;0,1,3,2;0;{"length": 59986217.0, "unique": 200000, "row_size": 5072, "cache_age": 5};{"length": 59761.0, "unique": 300000, "row_size": 14456, "cache_age": 5};{"selectivity": 0.0001638026412376341}
[2023-11-22T14:49:20];ssb/q41;0,1,3,2;1;{"length": 587205656.6602256, "unique": 20000, "row_size": 19528, "cache_age": 5};{"length": 4102.0, "unique": 20000, "row_size": 12400, "cache_age": 5};{"selectivity": 0.00019999999999999337}
[2023-11-22T14:49:20];ssb/q41;0,1,3,2;3;{"length": 481743520.72403324, "unique": 2406, "row_size": 31928, "cache_age": 5};{"length": 2557.0, "unique": 2557, "row_size": 11048, "cache_age": 5};{"selectivity": 0.0007093088955621289}
[2023-11-22T14:49:20];ssb/q41;0,1,3,2;2;{"length": 873739594.5562905, "unique": 600000, "row_size": 42976, "cache_age": 5};{"length": 319679.0, "unique": 800000, "row_size": 14520, "cache_age": 5};{"selectivity": 0.00011658287680508012}
[2023-11-22T14:49:21];ssb/q42;0,1,3,2;0;{"length": 59986217.0, "unique": 200000, "row_size": 5072, "cache_age": 5};{"length": 59761.0, "unique": 300000, "row_size": 14456, "cache_age": 5};{"selectivity": 0.0001638026412376341}
[2023-11-22T14:49:21];ssb/q42;0,1,3,2;1;{"length": 587205656.6602256, "unique": 20000, "row_size": 19528, "cache_age": 5};{"length": 4102.0, "unique": 20000, "row_size": 12400, "cache_age": 5};{"selectivity": 0.00019999999999999337}
[2023-11-22T14:49:21];ssb/q42;0,1,3,2;3;{"length": 481743520.72403324, "unique": 2406, "row_size": 31928, "cache_age": 5};{"length": 730.5714285714286, "unique": 2557, "row_size": 11048, "cache_age": 5};{"selectivity": 0.0007093088955621289}
[2023-11-22T14:49:21];ssb/q42;0,1,3,2;2;{"length": 249639884.15894014, "unique": 600000, "row_size": 42976, "cache_age": 5};{"length": 319679.0, "unique": 800000, "row_size": 14520, "cache_age": 5};{"selectivity": 0.00011658287680508012}
[2023-11-22T14:49:23];ssb/q43;0,1,3,2;0;{"length": 59986217.0, "unique": 200000, "row_size": 5072, "cache_age": 5};{"length": 59761.0, "unique": 300000, "row_size": 14456, "cache_age": 5};{"selectivity": 0.0001638026412376341}
[2023-11-22T14:49:23];ssb/q43;0,1,3,2;1;{"length": 587205656.6602256, "unique": 20000, "row_size": 19528, "cache_age": 5};{"length": 809.0, "unique": 20000, "row_size": 12400, "cache_age": 5};{"selectivity": 0.00019999999999999337}
[2023-11-22T14:49:23];ssb/q43;0,1,3,2;3;{"length": 95009875.24762137, "unique": 2406, "row_size": 31928, "cache_age": 5};{"length": 730.5714285714286, "unique": 2557, "row_size": 11048, "cache_age": 5};{"selectivity": 0.0007093088955621289}
[2023-11-22T14:49:23];ssb/q43;0,1,3,2;2;{"length": 49234194.60862568, "unique": 600000, "row_size": 42976, "cache_age": 5};{"length": 31987.0, "unique": 800000, "row_size": 14520, "cache_age": 5};{"selectivity": 0.00011658287680508012}
