[7, 1, 2, 6, 5, 10, 4, 11, 9, 0, 8, 3];(kt[s]kind[in]['movie']);66.55835342407227;7658142272
[7, 1, 2, 6, 5, 10, 4, 11, 9, 0, 8, 3];(kt[s]kind[in]['movie']);66.5799789428711;7658143354
[7, 1, 2, 6, 5, 10, 4, 11, 9, 0, 8, 3];(kt[s]kind[in]['movie']);66.25636339187622;7658143000
[7, 1, 2, 6, 5, 10, 4, 11, 9, 0, 8, 3];(kt[s]kind[in]['movie']);66.8918240070343;7658143856
[7, 1, 2, 6, 5, 10, 4, 11, 9, 0, 8, 3];(kt[s]kind[in]['movie']);66.60985517501831;7658151248
[7, 1, 2, 6, 5, 10, 4, 11, 9, 0, 8, 3];(kt[s]kind[in]['movie']);66.48925423622131;7658145027
[9, 8, 0, 7, 1, 10, 3, 5, 11, 4, 2, 6];((k[s]keyword[in]['superhero', 'sequel', 'second-part', 'marvel-comics', 'based-on-comic', 'tv-special', 'fight', 'violence'])[X]((chn[s]name[not-like]%Sherlock%)[X](cc[X]mk)));53.916663646698;7658148318
[9, 8, 0, 7, 1, 10, 3, 5, 11, 4, 2, 6];((k[s]keyword[in]['superhero', 'sequel', 'second-part', 'marvel-comics', 'based-on-comic', 'tv-special', 'fight', 'violence'])[X]((chn[s]name[not-like]%Sherlock%)[X](cc[X]mk)));55.17960333824158;7658143587
[9, 8, 0, 7, 1, 10, 3, 5, 11, 4, 2, 6];((k[s]keyword[in]['superhero', 'sequel', 'second-part', 'marvel-comics', 'based-on-comic', 'tv-special', 'fight', 'violence'])[X]((chn[s]name[not-like]%Sherlock%)[X](cc[X]mk)));54.871901750564575;7658139950
[9, 8, 0, 7, 1, 10, 3, 5, 11, 4, 2, 6];((k[s]keyword[in]['superhero', 'sequel', 'second-part', 'marvel-comics', 'based-on-comic', 'tv-special', 'fight', 'violence'])[X]((chn[s]name[not-like]%Sherlock%)[X](cc[X]mk)));54.989383935928345;7658141920
[9, 8, 0, 7, 1, 10, 3, 5, 11, 4, 2, 6];((k[s]keyword[in]['superhero', 'sequel', 'second-part', 'marvel-comics', 'based-on-comic', 'tv-special', 'fight', 'violence'])[X]((chn[s]name[not-like]%Sherlock%)[X](cc[X]mk)));55.77057933807373;7658147396
[3, 1, 9, 6, 10, 11, 5, 4, 7, 2, 8, 0];(kt[s]kind[in]['movie']);52.56477665901184;7658139457
[3, 1, 9, 6, 10, 11, 5, 4, 7, 2, 8, 0];(kt[s]kind[in]['movie']);52.94836950302124;7658142169
[3, 1, 9, 6, 10, 11, 5, 4, 7, 2, 8, 0];(kt[s]kind[in]['movie']);52.17162275314331;7658154259
[3, 1, 9, 6, 10, 11, 5, 4, 7, 2, 8, 0];(kt[s]kind[in]['movie']);52.65655994415283;7658141309
[3, 1, 9, 6, 10, 11, 5, 4, 7, 2, 8, 0];(kt[s]kind[in]['movie']);52.672446966171265;7658140134
[8, 1, 0, 10, 3, 7, 4, 6, 11, 2, 5, 9];((n[s]name[like]['%Tony%Stark%', '%Iron%Man%'])[X]((chn[s]name[not-like]%Sherlock%)[X]((cct1[s]kind[in]['cast'])[X](cc[X]ci))));50.59268355369568;7658143625
[8, 1, 0, 10, 3, 7, 4, 6, 11, 2, 5, 9];((n[s]name[like]['%Tony%Stark%', '%Iron%Man%'])[X]((chn[s]name[not-like]%Sherlock%)[X]((cct1[s]kind[in]['cast'])[X](cc[X]ci))));50.31373190879822;7658150799
[8, 1, 0, 10, 3, 7, 4, 6, 11, 2, 5, 9];((n[s]name[like]['%Tony%Stark%', '%Iron%Man%'])[X]((chn[s]name[not-like]%Sherlock%)[X]((cct1[s]kind[in]['cast'])[X](cc[X]ci))));51.51416897773743;7658141322
[8, 1, 0, 10, 3, 7, 4, 6, 11, 2, 5, 9];((n[s]name[like]['%Tony%Stark%', '%Iron%Man%'])[X]((chn[s]name[not-like]%Sherlock%)[X]((cct1[s]kind[in]['cast'])[X](cc[X]ci))));50.42566990852356;7658141939
[8, 1, 0, 10, 3, 7, 4, 6, 11, 2, 5, 9];((n[s]name[like]['%Tony%Stark%', '%Iron%Man%'])[X]((chn[s]name[not-like]%Sherlock%)[X]((cct1[s]kind[in]['cast'])[X](cc[X]ci))));51.08942437171936;7658147162
[11, 1, 7, 6, 8, 4, 10, 9, 2, 5, 3, 0];(kt[s]kind[in]['movie']);66.74844717979431;7658146464
[11, 1, 7, 6, 8, 4, 10, 9, 2, 5, 3, 0];(kt[s]kind[in]['movie']);68.7390444278717;7658142708
[11, 1, 7, 6, 8, 4, 10, 9, 2, 5, 3, 0];(kt[s]kind[in]['movie']);67.79818177223206;7658141733
[11, 1, 7, 6, 8, 4, 10, 9, 2, 5, 3, 0];(kt[s]kind[in]['movie']);66.33379578590393;7658144995
[11, 1, 7, 6, 8, 4, 10, 9, 2, 5, 3, 0];(kt[s]kind[in]['movie']);67.05293154716492;7658149570
[1, 11, 6, 3, 7, 5, 8, 9, 10, 4, 2, 0];(k[s]keyword[in]['superhero', 'sequel', 'second-part', 'marvel-comics', 'based-on-comic', 'tv-special', 'fight', 'violence']);65.79922008514404;7658138853
[1, 11, 6, 3, 7, 5, 8, 9, 10, 4, 2, 0];(k[s]keyword[in]['superhero', 'sequel', 'second-part', 'marvel-comics', 'based-on-comic', 'tv-special', 'fight', 'violence']);66.62552213668823;7658149613
[1, 11, 6, 3, 7, 5, 8, 9, 10, 4, 2, 0];(k[s]keyword[in]['superhero', 'sequel', 'second-part', 'marvel-comics', 'based-on-comic', 'tv-special', 'fight', 'violence']);65.66577911376953;7658146969
[1, 11, 6, 3, 7, 5, 8, 9, 10, 4, 2, 0];(k[s]keyword[in]['superhero', 'sequel', 'second-part', 'marvel-comics', 'based-on-comic', 'tv-special', 'fight', 'violence']);66.05830383300781;7658142724
[1, 11, 6, 3, 7, 5, 8, 9, 10, 4, 2, 0];(k[s]keyword[in]['superhero', 'sequel', 'second-part', 'marvel-comics', 'based-on-comic', 'tv-special', 'fight', 'violence']);67.03361535072327;7658142343
[0, 1, 10, 7, 8, 2, 11, 6, 5, 4, 3, 9];(kt[s]kind[in]['movie']);57.03113102912903;7658146855
[0, 1, 10, 7, 8, 2, 11, 6, 5, 4, 3, 9];(kt[s]kind[in]['movie']);55.7349317073822;7658147500
[0, 1, 10, 7, 8, 2, 11, 6, 5, 4, 3, 9];(kt[s]kind[in]['movie']);56.31727409362793;7658143585
[0, 1, 10, 7, 8, 2, 11, 6, 5, 4, 3, 9];(kt[s]kind[in]['movie']);55.26737689971924;7658143825
[0, 1, 10, 7, 8, 2, 11, 6, 5, 4, 3, 9];(kt[s]kind[in]['movie']);55.03196668624878;7658141654
[10, 0, 3, 1, 8, 5, 11, 4, 7, 6, 2, 9];(chn[s]name[not-like]%Sherlock%);54.6509222984314;7658143105
[10, 0, 3, 1, 8, 5, 11, 4, 7, 6, 2, 9];(chn[s]name[not-like]%Sherlock%);54.794532775878906;7658148846
[10, 0, 3, 1, 8, 5, 11, 4, 7, 6, 2, 9];(chn[s]name[not-like]%Sherlock%);54.793338775634766;7658148820
[10, 0, 3, 1, 8, 5, 11, 4, 7, 6, 2, 9];(chn[s]name[not-like]%Sherlock%);54.955143213272095;7658149307
[10, 0, 3, 1, 8, 5, 11, 4, 7, 6, 2, 9];(chn[s]name[not-like]%Sherlock%);57.35492396354675;7658143405
[3, 0, 11, 6, 9, 8, 4, 7, 5, 2, 10, 1];(k[s]keyword[in]['superhero', 'sequel', 'second-part', 'marvel-comics', 'based-on-comic', 'tv-special', 'fight', 'violence']);54.57579970359802;7658143630
[3, 0, 11, 6, 9, 8, 4, 7, 5, 2, 10, 1];(k[s]keyword[in]['superhero', 'sequel', 'second-part', 'marvel-comics', 'based-on-comic', 'tv-special', 'fight', 'violence']);54.34543466567993;7658147207
[3, 0, 11, 6, 9, 8, 4, 7, 5, 2, 10, 1];(k[s]keyword[in]['superhero', 'sequel', 'second-part', 'marvel-comics', 'based-on-comic', 'tv-special', 'fight', 'violence']);54.54573464393616;7658143717
[3, 0, 11, 6, 9, 8, 4, 7, 5, 2, 10, 1];(k[s]keyword[in]['superhero', 'sequel', 'second-part', 'marvel-comics', 'based-on-comic', 'tv-special', 'fight', 'violence']);53.92316508293152;7658141889
[3, 0, 11, 6, 9, 8, 4, 7, 5, 2, 10, 1];(k[s]keyword[in]['superhero', 'sequel', 'second-part', 'marvel-comics', 'based-on-comic', 'tv-special', 'fight', 'violence']);54.74842596054077;7658145470
[3, 7, 2, 0, 1, 4, 9, 11, 5, 10, 8, 6];(kt[s]kind[in]['movie']);67.17764902114868;7658142645
[3, 7, 2, 0, 1, 4, 9, 11, 5, 10, 8, 6];(kt[s]kind[in]['movie']);67.76442432403564;7658141024
[3, 7, 2, 0, 1, 4, 9, 11, 5, 10, 8, 6];(kt[s]kind[in]['movie']);66.37614870071411;7658152321
[3, 7, 2, 0, 1, 4, 9, 11, 5, 10, 8, 6];(kt[s]kind[in]['movie']);67.01345896720886;7658141554
[3, 7, 2, 0, 1, 4, 9, 11, 5, 10, 8, 6];(kt[s]kind[in]['movie']);65.20696663856506;7658149848
[11, 3, 4, 10, 2, 0, 5, 7, 1, 6, 9, 8];(cct2[s]kind[like]['%complete%']);51.45364737510681;7658143065
[11, 3, 4, 10, 2, 0, 5, 7, 1, 6, 9, 8];(cct2[s]kind[like]['%complete%']);50.95616412162781;7658144480
[11, 3, 4, 10, 2, 0, 5, 7, 1, 6, 9, 8];(cct2[s]kind[like]['%complete%']);52.02514624595642;7658146227
[11, 3, 4, 10, 2, 0, 5, 7, 1, 6, 9, 8];(cct2[s]kind[like]['%complete%']);51.01902461051941;7658143249
[11, 3, 4, 10, 2, 0, 5, 7, 1, 6, 9, 8];(cct2[s]kind[like]['%complete%']);51.18094515800476;7658144905
[0, 9, 8, 11, 5, 2, 3, 6, 10, 1, 7, 4];((cct1[s]kind[in]['cast'])[X](ci[X]mk));54.49978494644165;7658143271
[0, 9, 8, 11, 5, 2, 3, 6, 10, 1, 7, 4];((cct1[s]kind[in]['cast'])[X](ci[X]mk));54.34919452667236;7658148379
[0, 9, 8, 11, 5, 2, 3, 6, 10, 1, 7, 4];((cct1[s]kind[in]['cast'])[X](ci[X]mk));54.09536671638489;7658144346
[0, 9, 8, 11, 5, 2, 3, 6, 10, 1, 7, 4];((cct1[s]kind[in]['cast'])[X](ci[X]mk));54.087820529937744;7658142294
[0, 9, 8, 11, 5, 2, 3, 6, 10, 1, 7, 4];((cct1[s]kind[in]['cast'])[X](ci[X]mk));53.19015622138977;7658141054
[3, 5, 9, 10, 4, 6, 11, 2, 1, 7, 0, 8];((k[s]keyword[in]['superhero', 'sequel', 'second-part', 'marvel-comics', 'based-on-comic', 'tv-special', 'fight', 'violence'])[X](t[s]production_year[>]1950));52.681888818740845;7658152664
[3, 5, 9, 10, 4, 6, 11, 2, 1, 7, 0, 8];((k[s]keyword[in]['superhero', 'sequel', 'second-part', 'marvel-comics', 'based-on-comic', 'tv-special', 'fight', 'violence'])[X](t[s]production_year[>]1950));51.99299693107605;7658143958
[3, 5, 9, 10, 4, 6, 11, 2, 1, 7, 0, 8];((k[s]keyword[in]['superhero', 'sequel', 'second-part', 'marvel-comics', 'based-on-comic', 'tv-special', 'fight', 'violence'])[X](t[s]production_year[>]1950));52.26829266548157;7658146014
[3, 5, 9, 10, 4, 6, 11, 2, 1, 7, 0, 8];((k[s]keyword[in]['superhero', 'sequel', 'second-part', 'marvel-comics', 'based-on-comic', 'tv-special', 'fight', 'violence'])[X](t[s]production_year[>]1950));52.03375792503357;7658149972
[3, 5, 9, 10, 4, 6, 11, 2, 1, 7, 0, 8];((k[s]keyword[in]['superhero', 'sequel', 'second-part', 'marvel-comics', 'based-on-comic', 'tv-special', 'fight', 'violence'])[X](t[s]production_year[>]1950));52.135377645492554;7658142592
[11, 10, 8, 5, 0, 1, 4, 9, 7, 3, 2, 6];(kt[s]kind[in]['movie']);51.21684265136719;7658152758
[11, 10, 8, 5, 0, 1, 4, 9, 7, 3, 2, 6];(kt[s]kind[in]['movie']);51.064213275909424;7658146432
[11, 10, 8, 5, 0, 1, 4, 9, 7, 3, 2, 6];(kt[s]kind[in]['movie']);51.14865279197693;7658147330
[11, 10, 8, 5, 0, 1, 4, 9, 7, 3, 2, 6];(kt[s]kind[in]['movie']);50.84644055366516;7658154695
[11, 10, 8, 5, 0, 1, 4, 9, 7, 3, 2, 6];(kt[s]kind[in]['movie']);51.258206605911255;7658152407
[6, 11, 4, 10, 8, 9, 7, 2, 3, 1, 5, 0];(k[s]keyword[in]['superhero', 'sequel', 'second-part', 'marvel-comics', 'based-on-comic', 'tv-special', 'fight', 'violence']);50.6569128036499;7658144723
[6, 11, 4, 10, 8, 9, 7, 2, 3, 1, 5, 0];(k[s]keyword[in]['superhero', 'sequel', 'second-part', 'marvel-comics', 'based-on-comic', 'tv-special', 'fight', 'violence']);50.07629895210266;7658148123
[6, 11, 4, 10, 8, 9, 7, 2, 3, 1, 5, 0];(k[s]keyword[in]['superhero', 'sequel', 'second-part', 'marvel-comics', 'based-on-comic', 'tv-special', 'fight', 'violence']);52.64394760131836;7658141592
[6, 11, 4, 10, 8, 9, 7, 2, 3, 1, 5, 0];(k[s]keyword[in]['superhero', 'sequel', 'second-part', 'marvel-comics', 'based-on-comic', 'tv-special', 'fight', 'violence']);50.77206110954285;7658147386
[6, 11, 4, 10, 8, 9, 7, 2, 3, 1, 5, 0];(k[s]keyword[in]['superhero', 'sequel', 'second-part', 'marvel-comics', 'based-on-comic', 'tv-special', 'fight', 'violence']);51.11274981498718;7658142046
[10, 2, 8, 11, 7, 5, 4, 3, 0, 6, 9, 1];(kt[s]kind[in]['movie']);48.950504302978516;7658143297
[10, 2, 8, 11, 7, 5, 4, 3, 0, 6, 9, 1];(kt[s]kind[in]['movie']);49.29207372665405;7658150665
[10, 2, 8, 11, 7, 5, 4, 3, 0, 6, 9, 1];(kt[s]kind[in]['movie']);49.53347945213318;7658143196
[10, 2, 8, 11, 7, 5, 4, 3, 0, 6, 9, 1];(kt[s]kind[in]['movie']);49.186326026916504;7658152405
[10, 2, 8, 11, 7, 5, 4, 3, 0, 6, 9, 1];(kt[s]kind[in]['movie']);48.21141290664673;7658153691
[11, 7, 10, 1, 4, 3, 8, 2, 6, 5, 0, 9];((k[s]keyword[in]['superhero', 'sequel', 'second-part', 'marvel-comics', 'based-on-comic', 'tv-special', 'fight', 'violence'])[X](t[s]production_year[>]1950));65.6154363155365;7658143748
[11, 7, 10, 1, 4, 3, 8, 2, 6, 5, 0, 9];((k[s]keyword[in]['superhero', 'sequel', 'second-part', 'marvel-comics', 'based-on-comic', 'tv-special', 'fight', 'violence'])[X](t[s]production_year[>]1950));66.43005228042603;7658147012
[11, 7, 10, 1, 4, 3, 8, 2, 6, 5, 0, 9];((k[s]keyword[in]['superhero', 'sequel', 'second-part', 'marvel-comics', 'based-on-comic', 'tv-special', 'fight', 'violence'])[X](t[s]production_year[>]1950));65.69935941696167;7658143504
[11, 7, 10, 1, 4, 3, 8, 2, 6, 5, 0, 9];((k[s]keyword[in]['superhero', 'sequel', 'second-part', 'marvel-comics', 'based-on-comic', 'tv-special', 'fight', 'violence'])[X](t[s]production_year[>]1950));63.7209050655365;7658145000
[11, 7, 10, 1, 4, 3, 8, 2, 6, 5, 0, 9];((k[s]keyword[in]['superhero', 'sequel', 'second-part', 'marvel-comics', 'based-on-comic', 'tv-special', 'fight', 'violence'])[X](t[s]production_year[>]1950));64.52308678627014;7658145694
[3, 0, 11, 10, 4, 5, 6, 8, 9, 7, 2, 1];(kt[s]kind[in]['movie']);53.416035175323486;7658142878
[3, 0, 11, 10, 4, 5, 6, 8, 9, 7, 2, 1];(kt[s]kind[in]['movie']);52.97512364387512;7658143001
[3, 0, 11, 10, 4, 5, 6, 8, 9, 7, 2, 1];(kt[s]kind[in]['movie']);52.92945623397827;7658142422
[3, 0, 11, 10, 4, 5, 6, 8, 9, 7, 2, 1];(kt[s]kind[in]['movie']);53.62108373641968;7658155030
[3, 0, 11, 10, 4, 5, 6, 8, 9, 7, 2, 1];(kt[s]kind[in]['movie']);53.636784076690674;7658147456
[5, 1, 3, 6, 8, 0, 9, 7, 11, 2, 10, 4];(kt[s]kind[in]['movie']);50.19959044456482;7658144921
[5, 1, 3, 6, 8, 0, 9, 7, 11, 2, 10, 4];(kt[s]kind[in]['movie']);49.549097537994385;7658146480
[5, 1, 3, 6, 8, 0, 9, 7, 11, 2, 10, 4];(kt[s]kind[in]['movie']);50.14831876754761;7658144336
[5, 1, 3, 6, 8, 0, 9, 7, 11, 2, 10, 4];(kt[s]kind[in]['movie']);50.457321882247925;7658144868
[5, 1, 3, 6, 8, 0, 9, 7, 11, 2, 10, 4];(kt[s]kind[in]['movie']);49.38863801956177;7658143269
[7, 3, 11, 2, 4, 6, 0, 9, 1, 10, 5, 8];((cct2[s]kind[like]['%complete%'])[X](t[s]production_year[>]1950));65.76055598258972;7658140936
[7, 3, 11, 2, 4, 6, 0, 9, 1, 10, 5, 8];((cct2[s]kind[like]['%complete%'])[X](t[s]production_year[>]1950));66.01414632797241;7658142100
[7, 3, 11, 2, 4, 6, 0, 9, 1, 10, 5, 8];((cct2[s]kind[like]['%complete%'])[X](t[s]production_year[>]1950));65.98773550987244;7658151614
[7, 3, 11, 2, 4, 6, 0, 9, 1, 10, 5, 8];((cct2[s]kind[like]['%complete%'])[X](t[s]production_year[>]1950));66.06147861480713;7658143614
[7, 3, 11, 2, 4, 6, 0, 9, 1, 10, 5, 8];((cct2[s]kind[like]['%complete%'])[X](t[s]production_year[>]1950));66.69362163543701;7658146817
[1, 2, 4, 7, 8, 0, 3, 11, 6, 9, 5, 10];(kt[s]kind[in]['movie']);66.74858975410461;7658143125
[1, 2, 4, 7, 8, 0, 3, 11, 6, 9, 5, 10];(kt[s]kind[in]['movie']);66.3241240978241;7658143129
[1, 2, 4, 7, 8, 0, 3, 11, 6, 9, 5, 10];(kt[s]kind[in]['movie']);66.62498641014099;7658151288
[1, 2, 4, 7, 8, 0, 3, 11, 6, 9, 5, 10];(kt[s]kind[in]['movie']);66.46190571784973;7658140213
[1, 2, 4, 7, 8, 0, 3, 11, 6, 9, 5, 10];(kt[s]kind[in]['movie']);68.01366257667542;7658143641
[7, 8, 10, 9, 4, 2, 1, 5, 6, 3, 11, 0];(t[s]production_year[>]1950);68.18279552459717;7658149987
[7, 8, 10, 9, 4, 2, 1, 5, 6, 3, 11, 0];(t[s]production_year[>]1950);67.29338097572327;7658152510
[7, 8, 10, 9, 4, 2, 1, 5, 6, 3, 11, 0];(t[s]production_year[>]1950);66.51004767417908;7658143442
[7, 8, 10, 9, 4, 2, 1, 5, 6, 3, 11, 0];(t[s]production_year[>]1950);66.23258113861084;7658138501
[7, 8, 10, 9, 4, 2, 1, 5, 6, 3, 11, 0];(t[s]production_year[>]1950);66.82604002952576;7658146132
[3, 7, 9, 4, 8, 10, 2, 0, 11, 1, 5, 6];(kt[s]kind[in]['movie']);68.29218769073486;7658143532
[3, 7, 9, 4, 8, 10, 2, 0, 11, 1, 5, 6];(kt[s]kind[in]['movie']);67.98249864578247;7658150059
[3, 7, 9, 4, 8, 10, 2, 0, 11, 1, 5, 6];(kt[s]kind[in]['movie']);67.22080874443054;7658147454
[3, 7, 9, 4, 8, 10, 2, 0, 11, 1, 5, 6];(kt[s]kind[in]['movie']);67.55859446525574;7658154635
[3, 7, 9, 4, 8, 10, 2, 0, 11, 1, 5, 6];(kt[s]kind[in]['movie']);67.44392156600952;7658139091
[11, 7, 10, 9, 4, 6, 0, 8, 5, 3, 1, 2];((cct2[s]kind[like]['%complete%'])[X](t[s]production_year[>]1950));68.63937449455261;7658142196
[11, 7, 10, 9, 4, 6, 0, 8, 5, 3, 1, 2];((cct2[s]kind[like]['%complete%'])[X](t[s]production_year[>]1950));68.87267971038818;7658149219
[11, 7, 10, 9, 4, 6, 0, 8, 5, 3, 1, 2];((cct2[s]kind[like]['%complete%'])[X](t[s]production_year[>]1950));68.76073598861694;7658142506
[11, 7, 10, 9, 4, 6, 0, 8, 5, 3, 1, 2];((cct2[s]kind[like]['%complete%'])[X](t[s]production_year[>]1950));69.19427180290222;7658147841
[11, 7, 10, 9, 4, 6, 0, 8, 5, 3, 1, 2];((cct2[s]kind[like]['%complete%'])[X](t[s]production_year[>]1950));68.83819794654846;7658143348
[11, 0, 7, 9, 8, 3, 2, 6, 4, 10, 1, 5];(kt[s]kind[in]['movie']);52.522902727127075;7658143778
[11, 0, 7, 9, 8, 3, 2, 6, 4, 10, 1, 5];(kt[s]kind[in]['movie']);53.49318289756775;7658143847
[11, 0, 7, 9, 8, 3, 2, 6, 4, 10, 1, 5];(kt[s]kind[in]['movie']);52.82917237281799;7658147041
[11, 0, 7, 9, 8, 3, 2, 6, 4, 10, 1, 5];(kt[s]kind[in]['movie']);53.184744119644165;7658149906
[11, 0, 7, 9, 8, 3, 2, 6, 4, 10, 1, 5];(kt[s]kind[in]['movie']);52.7008638381958;7658145416
[9, 2, 5, 6, 10, 4, 1, 3, 11, 0, 8, 7];((n[s]name[like]['%Tony%Stark%', '%Iron%Man%'])[X](t[s]production_year[>]1950));52.435903787612915;7658139091
[9, 2, 5, 6, 10, 4, 1, 3, 11, 0, 8, 7];((n[s]name[like]['%Tony%Stark%', '%Iron%Man%'])[X](t[s]production_year[>]1950));52.55945420265198;7658141939
[9, 2, 5, 6, 10, 4, 1, 3, 11, 0, 8, 7];((n[s]name[like]['%Tony%Stark%', '%Iron%Man%'])[X](t[s]production_year[>]1950));52.30196952819824;7658145416
[9, 2, 5, 6, 10, 4, 1, 3, 11, 0, 8, 7];((n[s]name[like]['%Tony%Stark%', '%Iron%Man%'])[X](t[s]production_year[>]1950));53.04946565628052;7658137840
[9, 2, 5, 6, 10, 4, 1, 3, 11, 0, 8, 7];((n[s]name[like]['%Tony%Stark%', '%Iron%Man%'])[X](t[s]production_year[>]1950));52.8711633682251;7658141621
[4, 2, 7, 5, 10, 0, 11, 8, 6, 3, 1, 9];((cct1[s]kind[in]['cast'])[X](t[s]production_year[>]1950));68.6720724105835;7658143014
[4, 2, 7, 5, 10, 0, 11, 8, 6, 3, 1, 9];((cct1[s]kind[in]['cast'])[X](t[s]production_year[>]1950));68.50618624687195;7658147436
[4, 2, 7, 5, 10, 0, 11, 8, 6, 3, 1, 9];((cct1[s]kind[in]['cast'])[X](t[s]production_year[>]1950));68.80256175994873;7658140827
[4, 2, 7, 5, 10, 0, 11, 8, 6, 3, 1, 9];((cct1[s]kind[in]['cast'])[X](t[s]production_year[>]1950));69.65282893180847;7658146381
[4, 2, 7, 5, 10, 0, 11, 8, 6, 3, 1, 9];((cct1[s]kind[in]['cast'])[X](t[s]production_year[>]1950));69.48190760612488;7658137967
[9, 1, 6, 11, 4, 8, 5, 7, 3, 10, 2, 0];((k[s]keyword[in]['superhero', 'sequel', 'second-part', 'marvel-comics', 'based-on-comic', 'tv-special', 'fight', 'violence'])[X]((n[s]name[like]['%Tony%Stark%', '%Iron%Man%'])[X]((chn[s]name[not-like]%Sherlock%)[X]((cct2[s]kind[like]['%complete%'])[X]((cct1[s]kind[in]['cast'])[X](ci[X](cc[X]mk)))))));53.00090503692627;7658149411
[9, 1, 6, 11, 4, 8, 5, 7, 3, 10, 2, 0];((k[s]keyword[in]['superhero', 'sequel', 'second-part', 'marvel-comics', 'based-on-comic', 'tv-special', 'fight', 'violence'])[X]((n[s]name[like]['%Tony%Stark%', '%Iron%Man%'])[X]((chn[s]name[not-like]%Sherlock%)[X]((cct2[s]kind[like]['%complete%'])[X]((cct1[s]kind[in]['cast'])[X](ci[X](cc[X]mk)))))));52.11601138114929;7658154389
[9, 1, 6, 11, 4, 8, 5, 7, 3, 10, 2, 0];((k[s]keyword[in]['superhero', 'sequel', 'second-part', 'marvel-comics', 'based-on-comic', 'tv-special', 'fight', 'violence'])[X]((n[s]name[like]['%Tony%Stark%', '%Iron%Man%'])[X]((chn[s]name[not-like]%Sherlock%)[X]((cct2[s]kind[like]['%complete%'])[X]((cct1[s]kind[in]['cast'])[X](ci[X](cc[X]mk)))))));51.9853937625885;7658141785
[9, 1, 6, 11, 4, 8, 5, 7, 3, 10, 2, 0];((k[s]keyword[in]['superhero', 'sequel', 'second-part', 'marvel-comics', 'based-on-comic', 'tv-special', 'fight', 'violence'])[X]((n[s]name[like]['%Tony%Stark%', '%Iron%Man%'])[X]((chn[s]name[not-like]%Sherlock%)[X]((cct2[s]kind[like]['%complete%'])[X]((cct1[s]kind[in]['cast'])[X](ci[X](cc[X]mk)))))));52.842803716659546;7658149677
[9, 1, 6, 11, 4, 8, 5, 7, 3, 10, 2, 0];((k[s]keyword[in]['superhero', 'sequel', 'second-part', 'marvel-comics', 'based-on-comic', 'tv-special', 'fight', 'violence'])[X]((n[s]name[like]['%Tony%Stark%', '%Iron%Man%'])[X]((chn[s]name[not-like]%Sherlock%)[X]((cct2[s]kind[like]['%complete%'])[X]((cct1[s]kind[in]['cast'])[X](ci[X](cc[X]mk)))))));52.29590344429016;7658146288
[8, 1, 5, 3, 0, 4, 10, 11, 7, 9, 2, 6];(kt[s]kind[in]['movie']);49.63466787338257;7658154885
[8, 1, 5, 3, 0, 4, 10, 11, 7, 9, 2, 6];(kt[s]kind[in]['movie']);51.27823829650879;7658148917
[8, 1, 5, 3, 0, 4, 10, 11, 7, 9, 2, 6];(kt[s]kind[in]['movie']);51.33042573928833;7658141802
[8, 1, 5, 3, 0, 4, 10, 11, 7, 9, 2, 6];(kt[s]kind[in]['movie']);50.535531997680664;7658141312
[8, 1, 5, 3, 0, 4, 10, 11, 7, 9, 2, 6];(kt[s]kind[in]['movie']);50.278443574905396;7658149759
[11, 7, 1, 3, 6, 9, 4, 2, 5, 8, 0, 10];(chn[s]name[not-like]%Sherlock%);66.87946510314941;7658138657
[11, 7, 1, 3, 6, 9, 4, 2, 5, 8, 0, 10];(chn[s]name[not-like]%Sherlock%);66.00428748130798;7658143330
[11, 7, 1, 3, 6, 9, 4, 2, 5, 8, 0, 10];(chn[s]name[not-like]%Sherlock%);65.3067364692688;7658143462
[11, 7, 1, 3, 6, 9, 4, 2, 5, 8, 0, 10];(chn[s]name[not-like]%Sherlock%);65.01279997825623;7658151458
[11, 7, 1, 3, 6, 9, 4, 2, 5, 8, 0, 10];(chn[s]name[not-like]%Sherlock%);65.54590916633606;7658152463
[0, 8, 10, 3, 2, 5, 11, 9, 7, 4, 6, 1];(n[s]name[like]['%Tony%Stark%', '%Iron%Man%']);52.34696125984192;7658139239
[0, 8, 10, 3, 2, 5, 11, 9, 7, 4, 6, 1];(n[s]name[like]['%Tony%Stark%', '%Iron%Man%']);52.265624046325684;7658142179
[0, 8, 10, 3, 2, 5, 11, 9, 7, 4, 6, 1];(n[s]name[like]['%Tony%Stark%', '%Iron%Man%']);53.30301809310913;7658143220
[0, 8, 10, 3, 2, 5, 11, 9, 7, 4, 6, 1];(n[s]name[like]['%Tony%Stark%', '%Iron%Man%']);54.09098839759827;7658142610
[0, 8, 10, 3, 2, 5, 11, 9, 7, 4, 6, 1];(n[s]name[like]['%Tony%Stark%', '%Iron%Man%']);53.63555455207825;7658149818
[5, 4, 11, 10, 1, 0, 3, 9, 2, 7, 6, 8];(n[s]name[like]['%Tony%Stark%', '%Iron%Man%']);54.54265260696411;7658142004
[5, 4, 11, 10, 1, 0, 3, 9, 2, 7, 6, 8];(n[s]name[like]['%Tony%Stark%', '%Iron%Man%']);54.7848219871521;7658147610
[5, 4, 11, 10, 1, 0, 3, 9, 2, 7, 6, 8];(n[s]name[like]['%Tony%Stark%', '%Iron%Man%']);54.54262566566467;7658149832
[5, 4, 11, 10, 1, 0, 3, 9, 2, 7, 6, 8];(n[s]name[like]['%Tony%Stark%', '%Iron%Man%']);54.44478249549866;7658141903
[5, 4, 11, 10, 1, 0, 3, 9, 2, 7, 6, 8];(n[s]name[like]['%Tony%Stark%', '%Iron%Man%']);54.91256904602051;7658140479
[10, 1, 6, 9, 0, 3, 11, 7, 4, 2, 5, 8];(kt[s]kind[in]['movie']);52.942646741867065;7658144252
[10, 1, 6, 9, 0, 3, 11, 7, 4, 2, 5, 8];(kt[s]kind[in]['movie']);52.62248659133911;7658143781
[10, 1, 6, 9, 0, 3, 11, 7, 4, 2, 5, 8];(kt[s]kind[in]['movie']);52.487284421920776;7658138932
[10, 1, 6, 9, 0, 3, 11, 7, 4, 2, 5, 8];(kt[s]kind[in]['movie']);53.66261053085327;7658150265
[10, 1, 6, 9, 0, 3, 11, 7, 4, 2, 5, 8];(kt[s]kind[in]['movie']);53.32066512107849;7658148001
[11, 5, 1, 2, 9, 8, 4, 7, 3, 10, 0, 6];(cct2[s]kind[like]['%complete%']);52.200777530670166;7658150879
[11, 5, 1, 2, 9, 8, 4, 7, 3, 10, 0, 6];(cct2[s]kind[like]['%complete%']);51.34576630592346;7658150096
[11, 5, 1, 2, 9, 8, 4, 7, 3, 10, 0, 6];(cct2[s]kind[like]['%complete%']);51.530829191207886;7658150393
[11, 5, 1, 2, 9, 8, 4, 7, 3, 10, 0, 6];(cct2[s]kind[like]['%complete%']);51.34032225608826;7658150559
[11, 5, 1, 2, 9, 8, 4, 7, 3, 10, 0, 6];(cct2[s]kind[like]['%complete%']);51.432642459869385;7658142565
[8, 3, 4, 1, 2, 9, 5, 0, 6, 10, 7, 11];(n[s]name[like]['%Tony%Stark%', '%Iron%Man%']);49.0710973739624;7658143993
[8, 3, 4, 1, 2, 9, 5, 0, 6, 10, 7, 11];(n[s]name[like]['%Tony%Stark%', '%Iron%Man%']);48.954360485076904;7658140811
[8, 3, 4, 1, 2, 9, 5, 0, 6, 10, 7, 11];(n[s]name[like]['%Tony%Stark%', '%Iron%Man%']);49.88023495674133;7658142462
[8, 3, 4, 1, 2, 9, 5, 0, 6, 10, 7, 11];(n[s]name[like]['%Tony%Stark%', '%Iron%Man%']);48.92739534378052;7658153847
[8, 3, 4, 1, 2, 9, 5, 0, 6, 10, 7, 11];(n[s]name[like]['%Tony%Stark%', '%Iron%Man%']);48.89579439163208;7658143220
[0, 1, 9, 4, 6, 8, 10, 3, 2, 5, 11, 7];((k[s]keyword[in]['superhero', 'sequel', 'second-part', 'marvel-comics', 'based-on-comic', 'tv-special', 'fight', 'violence'])[X]((n[s]name[like]['%Tony%Stark%', '%Iron%Man%'])[X]((chn[s]name[not-like]%Sherlock%)[X]((cct2[s]kind[like]['%complete%'])[X](cc[X](t[s]production_year[>]1950))))));53.41316604614258;7658139885
[0, 1, 9, 4, 6, 8, 10, 3, 2, 5, 11, 7];((k[s]keyword[in]['superhero', 'sequel', 'second-part', 'marvel-comics', 'based-on-comic', 'tv-special', 'fight', 'violence'])[X]((n[s]name[like]['%Tony%Stark%', '%Iron%Man%'])[X]((chn[s]name[not-like]%Sherlock%)[X]((cct2[s]kind[like]['%complete%'])[X](cc[X](t[s]production_year[>]1950))))));53.158374547958374;7658143481
[0, 1, 9, 4, 6, 8, 10, 3, 2, 5, 11, 7];((k[s]keyword[in]['superhero', 'sequel', 'second-part', 'marvel-comics', 'based-on-comic', 'tv-special', 'fight', 'violence'])[X]((n[s]name[like]['%Tony%Stark%', '%Iron%Man%'])[X]((chn[s]name[not-like]%Sherlock%)[X]((cct2[s]kind[like]['%complete%'])[X](cc[X](t[s]production_year[>]1950))))));54.04531693458557;7658148246
[0, 1, 9, 4, 6, 8, 10, 3, 2, 5, 11, 7];((k[s]keyword[in]['superhero', 'sequel', 'second-part', 'marvel-comics', 'based-on-comic', 'tv-special', 'fight', 'violence'])[X]((n[s]name[like]['%Tony%Stark%', '%Iron%Man%'])[X]((chn[s]name[not-like]%Sherlock%)[X]((cct2[s]kind[like]['%complete%'])[X](cc[X](t[s]production_year[>]1950))))));52.42398118972778;7658139822
[0, 1, 9, 4, 6, 8, 10, 3, 2, 5, 11, 7];((k[s]keyword[in]['superhero', 'sequel', 'second-part', 'marvel-comics', 'based-on-comic', 'tv-special', 'fight', 'violence'])[X]((n[s]name[like]['%Tony%Stark%', '%Iron%Man%'])[X]((chn[s]name[not-like]%Sherlock%)[X]((cct2[s]kind[like]['%complete%'])[X](cc[X](t[s]production_year[>]1950))))));52.652589559555054;7658143132
[0, 2, 6, 8, 5, 4, 1, 3, 11, 7, 10, 9];(chn[s]name[not-like]%Sherlock%);55.42261290550232;7658144847
[0, 2, 6, 8, 5, 4, 1, 3, 11, 7, 10, 9];(chn[s]name[not-like]%Sherlock%);55.59814500808716;7658143124
[0, 2, 6, 8, 5, 4, 1, 3, 11, 7, 10, 9];(chn[s]name[not-like]%Sherlock%);56.54700946807861;7658144362
[0, 2, 6, 8, 5, 4, 1, 3, 11, 7, 10, 9];(chn[s]name[not-like]%Sherlock%);55.99802207946777;7658155285
[0, 2, 6, 8, 5, 4, 1, 3, 11, 7, 10, 9];(chn[s]name[not-like]%Sherlock%);56.2673556804657;7658142016
[2, 6, 10, 7, 8, 3, 11, 1, 0, 9, 5, 4];(kt[s]kind[in]['movie']);67.37777400016785;7658147979
[2, 6, 10, 7, 8, 3, 11, 1, 0, 9, 5, 4];(kt[s]kind[in]['movie']);66.55267190933228;7658142958
[2, 6, 10, 7, 8, 3, 11, 1, 0, 9, 5, 4];(kt[s]kind[in]['movie']);68.09701800346375;7658143095
[2, 6, 10, 7, 8, 3, 11, 1, 0, 9, 5, 4];(kt[s]kind[in]['movie']);68.37295937538147;7658150799
[2, 6, 10, 7, 8, 3, 11, 1, 0, 9, 5, 4];(kt[s]kind[in]['movie']);66.07599472999573;7658143120
[2, 7, 5, 11, 6, 8, 4, 3, 1, 0, 10, 9];((n[s]name[like]['%Tony%Stark%', '%Iron%Man%'])[X](t[s]production_year[>]1950));66.50542736053467;7658153691
[2, 7, 5, 11, 6, 8, 4, 3, 1, 0, 10, 9];((n[s]name[like]['%Tony%Stark%', '%Iron%Man%'])[X](t[s]production_year[>]1950));66.64978957176208;7658149558
[2, 7, 5, 11, 6, 8, 4, 3, 1, 0, 10, 9];((n[s]name[like]['%Tony%Stark%', '%Iron%Man%'])[X](t[s]production_year[>]1950));66.96507716178894;7658142994
[2, 7, 5, 11, 6, 8, 4, 3, 1, 0, 10, 9];((n[s]name[like]['%Tony%Stark%', '%Iron%Man%'])[X](t[s]production_year[>]1950));65.74672150611877;7658146428
[2, 7, 5, 11, 6, 8, 4, 3, 1, 0, 10, 9];((n[s]name[like]['%Tony%Stark%', '%Iron%Man%'])[X](t[s]production_year[>]1950));65.87029647827148;7658146846
[11, 10, 7, 4, 1, 8, 9, 6, 3, 2, 0, 5];(k[s]keyword[in]['superhero', 'sequel', 'second-part', 'marvel-comics', 'based-on-comic', 'tv-special', 'fight', 'violence']);65.96787023544312;7658152552
[11, 10, 7, 4, 1, 8, 9, 6, 3, 2, 0, 5];(k[s]keyword[in]['superhero', 'sequel', 'second-part', 'marvel-comics', 'based-on-comic', 'tv-special', 'fight', 'violence']);66.5319755077362;7658143296
[11, 10, 7, 4, 1, 8, 9, 6, 3, 2, 0, 5];(k[s]keyword[in]['superhero', 'sequel', 'second-part', 'marvel-comics', 'based-on-comic', 'tv-special', 'fight', 'violence']);66.8053822517395;7658143830
[11, 10, 7, 4, 1, 8, 9, 6, 3, 2, 0, 5];(k[s]keyword[in]['superhero', 'sequel', 'second-part', 'marvel-comics', 'based-on-comic', 'tv-special', 'fight', 'violence']);67.50065064430237;7658142811
[11, 10, 7, 4, 1, 8, 9, 6, 3, 2, 0, 5];(k[s]keyword[in]['superhero', 'sequel', 'second-part', 'marvel-comics', 'based-on-comic', 'tv-special', 'fight', 'violence']);66.09403228759766;7658143095
[3, 1, 8, 9, 5, 0, 11, 7, 4, 10, 2, 6];(k[s]keyword[in]['superhero', 'sequel', 'second-part', 'marvel-comics', 'based-on-comic', 'tv-special', 'fight', 'violence']);48.88270139694214;7658148699
[3, 1, 8, 9, 5, 0, 11, 7, 4, 10, 2, 6];(k[s]keyword[in]['superhero', 'sequel', 'second-part', 'marvel-comics', 'based-on-comic', 'tv-special', 'fight', 'violence']);50.27977895736694;7658151181
[3, 1, 8, 9, 5, 0, 11, 7, 4, 10, 2, 6];(k[s]keyword[in]['superhero', 'sequel', 'second-part', 'marvel-comics', 'based-on-comic', 'tv-special', 'fight', 'violence']);48.90302085876465;7658141105
[3, 1, 8, 9, 5, 0, 11, 7, 4, 10, 2, 6];(k[s]keyword[in]['superhero', 'sequel', 'second-part', 'marvel-comics', 'based-on-comic', 'tv-special', 'fight', 'violence']);47.94484877586365;7658141739
[3, 1, 8, 9, 5, 0, 11, 7, 4, 10, 2, 6];(k[s]keyword[in]['superhero', 'sequel', 'second-part', 'marvel-comics', 'based-on-comic', 'tv-special', 'fight', 'violence']);48.47495102882385;7658151367
[1, 8, 10, 11, 2, 0, 5, 6, 4, 7, 3, 9];((chn[s]name[not-like]%Sherlock%)[X](t[s]production_year[>]1950));48.664820194244385;7658145512
[1, 8, 10, 11, 2, 0, 5, 6, 4, 7, 3, 9];((chn[s]name[not-like]%Sherlock%)[X](t[s]production_year[>]1950));48.35603332519531;7658143904
[1, 8, 10, 11, 2, 0, 5, 6, 4, 7, 3, 9];((chn[s]name[not-like]%Sherlock%)[X](t[s]production_year[>]1950));48.19253754615784;7658143670
[1, 8, 10, 11, 2, 0, 5, 6, 4, 7, 3, 9];((chn[s]name[not-like]%Sherlock%)[X](t[s]production_year[>]1950));48.27340292930603;7658143688
[1, 8, 10, 11, 2, 0, 5, 6, 4, 7, 3, 9];((chn[s]name[not-like]%Sherlock%)[X](t[s]production_year[>]1950));48.89200949668884;7658151130
[10, 8, 0, 5, 6, 11, 1, 2, 4, 9, 3, 7];((k[s]keyword[in]['superhero', 'sequel', 'second-part', 'marvel-comics', 'based-on-comic', 'tv-special', 'fight', 'violence'])[X]((n[s]name[like]['%Tony%Stark%', '%Iron%Man%'])[X]((chn[s]name[not-like]%Sherlock%)[X]((cct2[s]kind[like]['%complete%'])[X](mk[X](t[s]production_year[>]1950))))));48.4318163394928;7658152590
[10, 8, 0, 5, 6, 11, 1, 2, 4, 9, 3, 7];((k[s]keyword[in]['superhero', 'sequel', 'second-part', 'marvel-comics', 'based-on-comic', 'tv-special', 'fight', 'violence'])[X]((n[s]name[like]['%Tony%Stark%', '%Iron%Man%'])[X]((chn[s]name[not-like]%Sherlock%)[X]((cct2[s]kind[like]['%complete%'])[X](mk[X](t[s]production_year[>]1950))))));48.56334972381592;7658142035
[10, 8, 0, 5, 6, 11, 1, 2, 4, 9, 3, 7];((k[s]keyword[in]['superhero', 'sequel', 'second-part', 'marvel-comics', 'based-on-comic', 'tv-special', 'fight', 'violence'])[X]((n[s]name[like]['%Tony%Stark%', '%Iron%Man%'])[X]((chn[s]name[not-like]%Sherlock%)[X]((cct2[s]kind[like]['%complete%'])[X](mk[X](t[s]production_year[>]1950))))));48.756791830062866;7658142289
[10, 8, 0, 5, 6, 11, 1, 2, 4, 9, 3, 7];((k[s]keyword[in]['superhero', 'sequel', 'second-part', 'marvel-comics', 'based-on-comic', 'tv-special', 'fight', 'violence'])[X]((n[s]name[like]['%Tony%Stark%', '%Iron%Man%'])[X]((chn[s]name[not-like]%Sherlock%)[X]((cct2[s]kind[like]['%complete%'])[X](mk[X](t[s]production_year[>]1950))))));48.64446520805359;7658142897
[10, 8, 0, 5, 6, 11, 1, 2, 4, 9, 3, 7];((k[s]keyword[in]['superhero', 'sequel', 'second-part', 'marvel-comics', 'based-on-comic', 'tv-special', 'fight', 'violence'])[X]((n[s]name[like]['%Tony%Stark%', '%Iron%Man%'])[X]((chn[s]name[not-like]%Sherlock%)[X]((cct2[s]kind[like]['%complete%'])[X](mk[X](t[s]production_year[>]1950))))));48.30552554130554;7658141960
[10, 0, 4, 6, 3, 8, 11, 5, 7, 1, 2, 9];(n[s]name[like]['%Tony%Stark%', '%Iron%Man%']);55.541481733322144;7658155217
[10, 0, 4, 6, 3, 8, 11, 5, 7, 1, 2, 9];(n[s]name[like]['%Tony%Stark%', '%Iron%Man%']);56.53051519393921;7658142855
[10, 0, 4, 6, 3, 8, 11, 5, 7, 1, 2, 9];(n[s]name[like]['%Tony%Stark%', '%Iron%Man%']);56.9232063293457;7658153956
[10, 0, 4, 6, 3, 8, 11, 5, 7, 1, 2, 9];(n[s]name[like]['%Tony%Stark%', '%Iron%Man%']);56.702330350875854;7658147119
[10, 0, 4, 6, 3, 8, 11, 5, 7, 1, 2, 9];(n[s]name[like]['%Tony%Stark%', '%Iron%Man%']);56.436684370040894;7658151693
[9, 2, 6, 5, 11, 1, 10, 0, 4, 7, 3, 8];((chn[s]name[not-like]%Sherlock%)[X](t[s]production_year[>]1950));52.69303774833679;7658149136
[9, 2, 6, 5, 11, 1, 10, 0, 4, 7, 3, 8];((chn[s]name[not-like]%Sherlock%)[X](t[s]production_year[>]1950));52.071693420410156;7658144373
[9, 2, 6, 5, 11, 1, 10, 0, 4, 7, 3, 8];((chn[s]name[not-like]%Sherlock%)[X](t[s]production_year[>]1950));53.11415767669678;7658143263
[9, 2, 6, 5, 11, 1, 10, 0, 4, 7, 3, 8];((chn[s]name[not-like]%Sherlock%)[X](t[s]production_year[>]1950));52.47149586677551;7658144164
[9, 2, 6, 5, 11, 1, 10, 0, 4, 7, 3, 8];((chn[s]name[not-like]%Sherlock%)[X](t[s]production_year[>]1950));53.02010941505432;7658141939
[5, 10, 0, 9, 6, 7, 11, 3, 8, 1, 2, 4];((n[s]name[like]['%Tony%Stark%', '%Iron%Man%'])[X]((cct1[s]kind[in]['cast'])[X](ci[X]mk)));55.93025994300842;7658149319
[5, 10, 0, 9, 6, 7, 11, 3, 8, 1, 2, 4];((n[s]name[like]['%Tony%Stark%', '%Iron%Man%'])[X]((cct1[s]kind[in]['cast'])[X](ci[X]mk)));56.30852961540222;7658149630
[5, 10, 0, 9, 6, 7, 11, 3, 8, 1, 2, 4];((n[s]name[like]['%Tony%Stark%', '%Iron%Man%'])[X]((cct1[s]kind[in]['cast'])[X](ci[X]mk)));56.292508363723755;7658142106
[5, 10, 0, 9, 6, 7, 11, 3, 8, 1, 2, 4];((n[s]name[like]['%Tony%Stark%', '%Iron%Man%'])[X]((cct1[s]kind[in]['cast'])[X](ci[X]mk)));55.90474724769592;7658146137
[5, 10, 0, 9, 6, 7, 11, 3, 8, 1, 2, 4];((n[s]name[like]['%Tony%Stark%', '%Iron%Man%'])[X]((cct1[s]kind[in]['cast'])[X](ci[X]mk)));56.230700731277466;7658142451
[9, 8, 1, 10, 0, 4, 6, 11, 5, 2, 7, 3];(kt[s]kind[in]['movie']);53.75448536872864;7658145525
[9, 8, 1, 10, 0, 4, 6, 11, 5, 2, 7, 3];(kt[s]kind[in]['movie']);52.974546670913696;7658142811
[9, 8, 1, 10, 0, 4, 6, 11, 5, 2, 7, 3];(kt[s]kind[in]['movie']);54.09517216682434;7658143675
[9, 8, 1, 10, 0, 4, 6, 11, 5, 2, 7, 3];(kt[s]kind[in]['movie']);54.812660217285156;7658138184
[9, 8, 1, 10, 0, 4, 6, 11, 5, 2, 7, 3];(kt[s]kind[in]['movie']);54.06078553199768;7658148948
[10, 11, 2, 8, 9, 0, 3, 4, 6, 7, 5, 1];(n[s]name[like]['%Tony%Stark%', '%Iron%Man%']);49.658138275146484;7658141590
[10, 11, 2, 8, 9, 0, 3, 4, 6, 7, 5, 1];(n[s]name[like]['%Tony%Stark%', '%Iron%Man%']);49.45904731750488;7658143130
[10, 11, 2, 8, 9, 0, 3, 4, 6, 7, 5, 1];(n[s]name[like]['%Tony%Stark%', '%Iron%Man%']);48.468029737472534;7658141483
[10, 11, 2, 8, 9, 0, 3, 4, 6, 7, 5, 1];(n[s]name[like]['%Tony%Stark%', '%Iron%Man%']);48.7179160118103;7658150076
[10, 11, 2, 8, 9, 0, 3, 4, 6, 7, 5, 1];(n[s]name[like]['%Tony%Stark%', '%Iron%Man%']);48.97377157211304;7658146855
[6, 9, 1, 8, 5, 7, 0, 2, 4, 10, 11, 3];(k[s]keyword[in]['superhero', 'sequel', 'second-part', 'marvel-comics', 'based-on-comic', 'tv-special', 'fight', 'violence']);50.975043535232544;7658144535
[6, 9, 1, 8, 5, 7, 0, 2, 4, 10, 11, 3];(k[s]keyword[in]['superhero', 'sequel', 'second-part', 'marvel-comics', 'based-on-comic', 'tv-special', 'fight', 'violence']);51.73554515838623;7658147062
[6, 9, 1, 8, 5, 7, 0, 2, 4, 10, 11, 3];(k[s]keyword[in]['superhero', 'sequel', 'second-part', 'marvel-comics', 'based-on-comic', 'tv-special', 'fight', 'violence']);51.4389374256134;7658150355
[6, 9, 1, 8, 5, 7, 0, 2, 4, 10, 11, 3];(k[s]keyword[in]['superhero', 'sequel', 'second-part', 'marvel-comics', 'based-on-comic', 'tv-special', 'fight', 'violence']);52.39813947677612;7658141710
[6, 9, 1, 8, 5, 7, 0, 2, 4, 10, 11, 3];(k[s]keyword[in]['superhero', 'sequel', 'second-part', 'marvel-comics', 'based-on-comic', 'tv-special', 'fight', 'violence']);52.59401035308838;7658154239
[0, 2, 8, 11, 6, 10, 7, 4, 5, 9, 1, 3];(k[s]keyword[in]['superhero', 'sequel', 'second-part', 'marvel-comics', 'based-on-comic', 'tv-special', 'fight', 'violence']);54.33640122413635;7658142402
[0, 2, 8, 11, 6, 10, 7, 4, 5, 9, 1, 3];(k[s]keyword[in]['superhero', 'sequel', 'second-part', 'marvel-comics', 'based-on-comic', 'tv-special', 'fight', 'violence']);54.84515023231506;7658153817
[0, 2, 8, 11, 6, 10, 7, 4, 5, 9, 1, 3];(k[s]keyword[in]['superhero', 'sequel', 'second-part', 'marvel-comics', 'based-on-comic', 'tv-special', 'fight', 'violence']);54.23688554763794;7658145190
[0, 2, 8, 11, 6, 10, 7, 4, 5, 9, 1, 3];(k[s]keyword[in]['superhero', 'sequel', 'second-part', 'marvel-comics', 'based-on-comic', 'tv-special', 'fight', 'violence']);54.260926723480225;7658147036
[0, 2, 8, 11, 6, 10, 7, 4, 5, 9, 1, 3];(k[s]keyword[in]['superhero', 'sequel', 'second-part', 'marvel-comics', 'based-on-comic', 'tv-special', 'fight', 'violence']);54.18580508232117;7658147113
[4, 11, 0, 2, 10, 5, 7, 8, 9, 1, 6, 3];(k[s]keyword[in]['superhero', 'sequel', 'second-part', 'marvel-comics', 'based-on-comic', 'tv-special', 'fight', 'violence']);56.76279973983765;7658143004
[4, 11, 0, 2, 10, 5, 7, 8, 9, 1, 6, 3];(k[s]keyword[in]['superhero', 'sequel', 'second-part', 'marvel-comics', 'based-on-comic', 'tv-special', 'fight', 'violence']);57.067805767059326;7658143895
[4, 11, 0, 2, 10, 5, 7, 8, 9, 1, 6, 3];(k[s]keyword[in]['superhero', 'sequel', 'second-part', 'marvel-comics', 'based-on-comic', 'tv-special', 'fight', 'violence']);56.70394039154053;7658154768
[4, 11, 0, 2, 10, 5, 7, 8, 9, 1, 6, 3];(k[s]keyword[in]['superhero', 'sequel', 'second-part', 'marvel-comics', 'based-on-comic', 'tv-special', 'fight', 'violence']);58.634485483169556;7658151323
[4, 11, 0, 2, 10, 5, 7, 8, 9, 1, 6, 3];(k[s]keyword[in]['superhero', 'sequel', 'second-part', 'marvel-comics', 'based-on-comic', 'tv-special', 'fight', 'violence']);56.735107421875;7658137090
[11, 1, 8, 6, 7, 0, 3, 10, 9, 4, 5, 2];(kt[s]kind[in]['movie']);51.07947516441345;7658153757
[11, 1, 8, 6, 7, 0, 3, 10, 9, 4, 5, 2];(kt[s]kind[in]['movie']);50.89654231071472;7658146504
[11, 1, 8, 6, 7, 0, 3, 10, 9, 4, 5, 2];(kt[s]kind[in]['movie']);51.163530588150024;7658141711
[11, 1, 8, 6, 7, 0, 3, 10, 9, 4, 5, 2];(kt[s]kind[in]['movie']);50.654183864593506;7658148727
[11, 1, 8, 6, 7, 0, 3, 10, 9, 4, 5, 2];(kt[s]kind[in]['movie']);51.17150568962097;7658151522
[8, 10, 4, 6, 5, 9, 3, 1, 2, 11, 7, 0];(t[s]production_year[>]1950);47.56717920303345;7658143810
[8, 10, 4, 6, 5, 9, 3, 1, 2, 11, 7, 0];(t[s]production_year[>]1950);48.234580516815186;7658152958
[8, 10, 4, 6, 5, 9, 3, 1, 2, 11, 7, 0];(t[s]production_year[>]1950);48.38327622413635;7658144654
[8, 10, 4, 6, 5, 9, 3, 1, 2, 11, 7, 0];(t[s]production_year[>]1950);48.145243406295776;7658143182
[8, 10, 4, 6, 5, 9, 3, 1, 2, 11, 7, 0];(t[s]production_year[>]1950);48.19965481758118;7658150799
[9, 6, 3, 10, 4, 7, 8, 0, 2, 1, 11, 5];((chn[s]name[not-like]%Sherlock%)[X](t[s]production_year[>]1950));55.55446934700012;7658143622
[9, 6, 3, 10, 4, 7, 8, 0, 2, 1, 11, 5];((chn[s]name[not-like]%Sherlock%)[X](t[s]production_year[>]1950));55.36121964454651;7658141202
[9, 6, 3, 10, 4, 7, 8, 0, 2, 1, 11, 5];((chn[s]name[not-like]%Sherlock%)[X](t[s]production_year[>]1950));55.315136671066284;7658148129
[9, 6, 3, 10, 4, 7, 8, 0, 2, 1, 11, 5];((chn[s]name[not-like]%Sherlock%)[X](t[s]production_year[>]1950));55.206315755844116;7658140681
[9, 6, 3, 10, 4, 7, 8, 0, 2, 1, 11, 5];((chn[s]name[not-like]%Sherlock%)[X](t[s]production_year[>]1950));55.714566469192505;7658142387
[1, 8, 9, 2, 7, 5, 4, 11, 0, 6, 3, 10];(k[s]keyword[in]['superhero', 'sequel', 'second-part', 'marvel-comics', 'based-on-comic', 'tv-special', 'fight', 'violence']);51.82957482337952;7658141157
[1, 8, 9, 2, 7, 5, 4, 11, 0, 6, 3, 10];(k[s]keyword[in]['superhero', 'sequel', 'second-part', 'marvel-comics', 'based-on-comic', 'tv-special', 'fight', 'violence']);51.266093254089355;7658141498
[1, 8, 9, 2, 7, 5, 4, 11, 0, 6, 3, 10];(k[s]keyword[in]['superhero', 'sequel', 'second-part', 'marvel-comics', 'based-on-comic', 'tv-special', 'fight', 'violence']);51.153199195861816;7658143482
[1, 8, 9, 2, 7, 5, 4, 11, 0, 6, 3, 10];(k[s]keyword[in]['superhero', 'sequel', 'second-part', 'marvel-comics', 'based-on-comic', 'tv-special', 'fight', 'violence']);51.39493203163147;7658143074
[1, 8, 9, 2, 7, 5, 4, 11, 0, 6, 3, 10];(k[s]keyword[in]['superhero', 'sequel', 'second-part', 'marvel-comics', 'based-on-comic', 'tv-special', 'fight', 'violence']);50.09479546546936;7658147174
[6, 10, 3, 9, 1, 0, 5, 2, 7, 4, 8, 11];(k[s]keyword[in]['superhero', 'sequel', 'second-part', 'marvel-comics', 'based-on-comic', 'tv-special', 'fight', 'violence']);53.19576144218445;7658150137
[6, 10, 3, 9, 1, 0, 5, 2, 7, 4, 8, 11];(k[s]keyword[in]['superhero', 'sequel', 'second-part', 'marvel-comics', 'based-on-comic', 'tv-special', 'fight', 'violence']);52.807955503463745;7658149140
[6, 10, 3, 9, 1, 0, 5, 2, 7, 4, 8, 11];(k[s]keyword[in]['superhero', 'sequel', 'second-part', 'marvel-comics', 'based-on-comic', 'tv-special', 'fight', 'violence']);53.81518268585205;7658150087
[6, 10, 3, 9, 1, 0, 5, 2, 7, 4, 8, 11];(k[s]keyword[in]['superhero', 'sequel', 'second-part', 'marvel-comics', 'based-on-comic', 'tv-special', 'fight', 'violence']);52.44905614852905;7658141687
[6, 10, 3, 9, 1, 0, 5, 2, 7, 4, 8, 11];(k[s]keyword[in]['superhero', 'sequel', 'second-part', 'marvel-comics', 'based-on-comic', 'tv-special', 'fight', 'violence']);52.021870136260986;7658145008
[6, 10, 1, 4, 9, 2, 5, 3, 7, 11, 0, 8];(chn[s]name[not-like]%Sherlock%);52.307037115097046;7658147104
[6, 10, 1, 4, 9, 2, 5, 3, 7, 11, 0, 8];(chn[s]name[not-like]%Sherlock%);51.88974142074585;7658152402
[6, 10, 1, 4, 9, 2, 5, 3, 7, 11, 0, 8];(chn[s]name[not-like]%Sherlock%);51.590285778045654;7658143258
[6, 10, 1, 4, 9, 2, 5, 3, 7, 11, 0, 8];(chn[s]name[not-like]%Sherlock%);51.253382444381714;7658148403
[6, 10, 1, 4, 9, 2, 5, 3, 7, 11, 0, 8];(chn[s]name[not-like]%Sherlock%);51.91785144805908;7658150514
[8, 0, 6, 7, 2, 3, 11, 5, 10, 9, 1, 4];(((k[s]keyword[in]['superhero', 'sequel', 'second-part', 'marvel-comics', 'based-on-comic', 'tv-special', 'fight', 'violence'])[X]((n[s]name[like]['%Tony%Stark%', '%Iron%Man%'])[X]((cct1[s]kind[in]['cast'])[X](cc[X]ci))))[X]((kt[s]kind[in]['movie'])[X]((chn[s]name[not-like]%Sherlock%)[X]((cct2[s]kind[like]['%complete%'])[X](mk[X](t[s]production_year[>]1950))))));48.97054696083069;7658146158
[8, 0, 6, 7, 2, 3, 11, 5, 10, 9, 1, 4];(((k[s]keyword[in]['superhero', 'sequel', 'second-part', 'marvel-comics', 'based-on-comic', 'tv-special', 'fight', 'violence'])[X]((n[s]name[like]['%Tony%Stark%', '%Iron%Man%'])[X]((cct1[s]kind[in]['cast'])[X](cc[X]ci))))[X]((kt[s]kind[in]['movie'])[X]((chn[s]name[not-like]%Sherlock%)[X]((cct2[s]kind[like]['%complete%'])[X](mk[X](t[s]production_year[>]1950))))));49.00943613052368;7658142063
[8, 0, 6, 7, 2, 3, 11, 5, 10, 9, 1, 4];(((k[s]keyword[in]['superhero', 'sequel', 'second-part', 'marvel-comics', 'based-on-comic', 'tv-special', 'fight', 'violence'])[X]((n[s]name[like]['%Tony%Stark%', '%Iron%Man%'])[X]((cct1[s]kind[in]['cast'])[X](cc[X]ci))))[X]((kt[s]kind[in]['movie'])[X]((chn[s]name[not-like]%Sherlock%)[X]((cct2[s]kind[like]['%complete%'])[X](mk[X](t[s]production_year[>]1950))))));50.16796517372131;7658142628
[8, 0, 6, 7, 2, 3, 11, 5, 10, 9, 1, 4];(((k[s]keyword[in]['superhero', 'sequel', 'second-part', 'marvel-comics', 'based-on-comic', 'tv-special', 'fight', 'violence'])[X]((n[s]name[like]['%Tony%Stark%', '%Iron%Man%'])[X]((cct1[s]kind[in]['cast'])[X](cc[X]ci))))[X]((kt[s]kind[in]['movie'])[X]((chn[s]name[not-like]%Sherlock%)[X]((cct2[s]kind[like]['%complete%'])[X](mk[X](t[s]production_year[>]1950))))));49.21407771110535;7658153701
[8, 0, 6, 7, 2, 3, 11, 5, 10, 9, 1, 4];(((k[s]keyword[in]['superhero', 'sequel', 'second-part', 'marvel-comics', 'based-on-comic', 'tv-special', 'fight', 'violence'])[X]((n[s]name[like]['%Tony%Stark%', '%Iron%Man%'])[X]((cct1[s]kind[in]['cast'])[X](cc[X]ci))))[X]((kt[s]kind[in]['movie'])[X]((chn[s]name[not-like]%Sherlock%)[X]((cct2[s]kind[like]['%complete%'])[X](mk[X](t[s]production_year[>]1950))))));49.265233516693115;7658143013
[0, 2, 8, 9, 11, 6, 5, 3, 7, 4, 10, 1];(kt[s]kind[in]['movie']);56.95222020149231;7658140326
[0, 2, 8, 9, 11, 6, 5, 3, 7, 4, 10, 1];(kt[s]kind[in]['movie']);57.57632493972778;7658144998
[0, 2, 8, 9, 11, 6, 5, 3, 7, 4, 10, 1];(kt[s]kind[in]['movie']);56.19355750083923;7658142940
[0, 2, 8, 9, 11, 6, 5, 3, 7, 4, 10, 1];(kt[s]kind[in]['movie']);56.335514307022095;7658141596
[0, 2, 8, 9, 11, 6, 5, 3, 7, 4, 10, 1];(kt[s]kind[in]['movie']);57.52420377731323;7658146742
[10, 4, 0, 8, 9, 7, 1, 3, 5, 6, 2, 11];(kt[s]kind[in]['movie']);55.148027420043945;7658147585
[10, 4, 0, 8, 9, 7, 1, 3, 5, 6, 2, 11];(kt[s]kind[in]['movie']);55.10400700569153;7658143192
[10, 4, 0, 8, 9, 7, 1, 3, 5, 6, 2, 11];(kt[s]kind[in]['movie']);54.72569561004639;7658149871
[10, 4, 0, 8, 9, 7, 1, 3, 5, 6, 2, 11];(kt[s]kind[in]['movie']);54.27409744262695;7658142707
[10, 4, 0, 8, 9, 7, 1, 3, 5, 6, 2, 11];(kt[s]kind[in]['movie']);55.314879417419434;7658143471
[9, 11, 5, 1, 10, 3, 6, 4, 8, 2, 7, 0];(t[s]production_year[>]1950);53.03554391860962;7658147477
[9, 11, 5, 1, 10, 3, 6, 4, 8, 2, 7, 0];(t[s]production_year[>]1950);52.51180601119995;7658145073
[9, 11, 5, 1, 10, 3, 6, 4, 8, 2, 7, 0];(t[s]production_year[>]1950);53.53886580467224;7658150026
[9, 11, 5, 1, 10, 3, 6, 4, 8, 2, 7, 0];(t[s]production_year[>]1950);51.930585861206055;7658144439
[9, 11, 5, 1, 10, 3, 6, 4, 8, 2, 7, 0];(t[s]production_year[>]1950);52.12343978881836;7658144201
[2, 8, 4, 7, 5, 3, 6, 1, 11, 10, 0, 9];((k[s]keyword[in]['superhero', 'sequel', 'second-part', 'marvel-comics', 'based-on-comic', 'tv-special', 'fight', 'violence'])[X](t[s]production_year[>]1950));51.148762226104736;7658142141
[2, 8, 4, 7, 5, 3, 6, 1, 11, 10, 0, 9];((k[s]keyword[in]['superhero', 'sequel', 'second-part', 'marvel-comics', 'based-on-comic', 'tv-special', 'fight', 'violence'])[X](t[s]production_year[>]1950));50.994879484176636;7658144165
[2, 8, 4, 7, 5, 3, 6, 1, 11, 10, 0, 9];((k[s]keyword[in]['superhero', 'sequel', 'second-part', 'marvel-comics', 'based-on-comic', 'tv-special', 'fight', 'violence'])[X](t[s]production_year[>]1950));51.24232339859009;7658151142
[2, 8, 4, 7, 5, 3, 6, 1, 11, 10, 0, 9];((k[s]keyword[in]['superhero', 'sequel', 'second-part', 'marvel-comics', 'based-on-comic', 'tv-special', 'fight', 'violence'])[X](t[s]production_year[>]1950));51.07187819480896;7658143961
[2, 8, 4, 7, 5, 3, 6, 1, 11, 10, 0, 9];((k[s]keyword[in]['superhero', 'sequel', 'second-part', 'marvel-comics', 'based-on-comic', 'tv-special', 'fight', 'violence'])[X](t[s]production_year[>]1950));51.16444182395935;7658153881
[10, 3, 0, 4, 1, 8, 5, 7, 9, 6, 2, 11];(chn[s]name[not-like]%Sherlock%);52.36674737930298;7658143467
[10, 3, 0, 4, 1, 8, 5, 7, 9, 6, 2, 11];(chn[s]name[not-like]%Sherlock%);51.54811191558838;7658144908
[10, 3, 0, 4, 1, 8, 5, 7, 9, 6, 2, 11];(chn[s]name[not-like]%Sherlock%);51.24099683761597;7658144502
[10, 3, 0, 4, 1, 8, 5, 7, 9, 6, 2, 11];(chn[s]name[not-like]%Sherlock%);51.485771894454956;7658149917
[10, 3, 0, 4, 1, 8, 5, 7, 9, 6, 2, 11];(chn[s]name[not-like]%Sherlock%);51.95173501968384;7658140277
[8, 9, 5, 4, 10, 0, 11, 2, 6, 1, 3, 7];((cct1[s]kind[in]['cast'])[X](t[s]production_year[>]1950));49.06722712516785;7658142237
[8, 9, 5, 4, 10, 0, 11, 2, 6, 1, 3, 7];((cct1[s]kind[in]['cast'])[X](t[s]production_year[>]1950));48.70374298095703;7658145183
[8, 9, 5, 4, 10, 0, 11, 2, 6, 1, 3, 7];((cct1[s]kind[in]['cast'])[X](t[s]production_year[>]1950));49.09784293174744;7658151800
[8, 9, 5, 4, 10, 0, 11, 2, 6, 1, 3, 7];((cct1[s]kind[in]['cast'])[X](t[s]production_year[>]1950));48.89066696166992;7658151651
[8, 9, 5, 4, 10, 0, 11, 2, 6, 1, 3, 7];((cct1[s]kind[in]['cast'])[X](t[s]production_year[>]1950));48.890769720077515;7658153419
[10, 5, 8, 2, 11, 4, 6, 3, 0, 1, 9, 7];(kt[s]kind[in]['movie']);47.6125602722168;7658142830
[10, 5, 8, 2, 11, 4, 6, 3, 0, 1, 9, 7];(kt[s]kind[in]['movie']);48.964717626571655;7658147193
[10, 5, 8, 2, 11, 4, 6, 3, 0, 1, 9, 7];(kt[s]kind[in]['movie']);48.65629982948303;7658147344
[10, 5, 8, 2, 11, 4, 6, 3, 0, 1, 9, 7];(kt[s]kind[in]['movie']);47.517186403274536;7658147877
[10, 5, 8, 2, 11, 4, 6, 3, 0, 1, 9, 7];(kt[s]kind[in]['movie']);46.5290744304657;7658151652
[3, 10, 4, 2, 0, 8, 9, 5, 6, 1, 11, 7];(n[s]name[like]['%Tony%Stark%', '%Iron%Man%']);56.53850603103638;7658144164
[3, 10, 4, 2, 0, 8, 9, 5, 6, 1, 11, 7];(n[s]name[like]['%Tony%Stark%', '%Iron%Man%']);55.95387411117554;7658150234
[3, 10, 4, 2, 0, 8, 9, 5, 6, 1, 11, 7];(n[s]name[like]['%Tony%Stark%', '%Iron%Man%']);57.60592031478882;7658143335
[3, 10, 4, 2, 0, 8, 9, 5, 6, 1, 11, 7];(n[s]name[like]['%Tony%Stark%', '%Iron%Man%']);56.49178862571716;7658142790
[3, 10, 4, 2, 0, 8, 9, 5, 6, 1, 11, 7];(n[s]name[like]['%Tony%Stark%', '%Iron%Man%']);56.314183473587036;7658151668
[8, 1, 7, 5, 11, 9, 0, 2, 10, 4, 3, 6];((chn[s]name[not-like]%Sherlock%)[X](t[s]production_year[>]1950));50.40707564353943;7658144063
[8, 1, 7, 5, 11, 9, 0, 2, 10, 4, 3, 6];((chn[s]name[not-like]%Sherlock%)[X](t[s]production_year[>]1950));50.78427839279175;7658146873
[8, 1, 7, 5, 11, 9, 0, 2, 10, 4, 3, 6];((chn[s]name[not-like]%Sherlock%)[X](t[s]production_year[>]1950));52.3285186290741;7658142534
[8, 1, 7, 5, 11, 9, 0, 2, 10, 4, 3, 6];((chn[s]name[not-like]%Sherlock%)[X](t[s]production_year[>]1950));50.67756962776184;7658142952
[8, 1, 7, 5, 11, 9, 0, 2, 10, 4, 3, 6];((chn[s]name[not-like]%Sherlock%)[X](t[s]production_year[>]1950));50.48842239379883;7658146773
[2, 6, 11, 9, 5, 10, 4, 0, 3, 1, 7, 8];(kt[s]kind[in]['movie']);52.52580761909485;7658147127
[2, 6, 11, 9, 5, 10, 4, 0, 3, 1, 7, 8];(kt[s]kind[in]['movie']);51.62922024726868;7658138618
[2, 6, 11, 9, 5, 10, 4, 0, 3, 1, 7, 8];(kt[s]kind[in]['movie']);51.52897763252258;7658144439
[2, 6, 11, 9, 5, 10, 4, 0, 3, 1, 7, 8];(kt[s]kind[in]['movie']);52.17682695388794;7658148405
[2, 6, 11, 9, 5, 10, 4, 0, 3, 1, 7, 8];(kt[s]kind[in]['movie']);53.22094655036926;7658143418
[11, 5, 8, 6, 0, 2, 10, 7, 1, 9, 3, 4];((chn[s]name[not-like]%Sherlock%)[X]((cct2[s]kind[like]['%complete%'])[X](cc[X]ci)));49.54983949661255;7658143732
[11, 5, 8, 6, 0, 2, 10, 7, 1, 9, 3, 4];((chn[s]name[not-like]%Sherlock%)[X]((cct2[s]kind[like]['%complete%'])[X](cc[X]ci)));47.80666494369507;7658143278
[11, 5, 8, 6, 0, 2, 10, 7, 1, 9, 3, 4];((chn[s]name[not-like]%Sherlock%)[X]((cct2[s]kind[like]['%complete%'])[X](cc[X]ci)));48.9748260974884;7658144932
[11, 5, 8, 6, 0, 2, 10, 7, 1, 9, 3, 4];((chn[s]name[not-like]%Sherlock%)[X]((cct2[s]kind[like]['%complete%'])[X](cc[X]ci)));48.86474299430847;7658145749
[11, 5, 8, 6, 0, 2, 10, 7, 1, 9, 3, 4];((chn[s]name[not-like]%Sherlock%)[X]((cct2[s]kind[like]['%complete%'])[X](cc[X]ci)));48.11194181442261;7658142039
[1, 2, 11, 10, 8, 0, 3, 4, 9, 7, 6, 5];(n[s]name[like]['%Tony%Stark%', '%Iron%Man%']);51.436768770217896;7658143345
[1, 2, 11, 10, 8, 0, 3, 4, 9, 7, 6, 5];(n[s]name[like]['%Tony%Stark%', '%Iron%Man%']);50.91779971122742;7658140739
[1, 2, 11, 10, 8, 0, 3, 4, 9, 7, 6, 5];(n[s]name[like]['%Tony%Stark%', '%Iron%Man%']);49.943349838256836;7658145208
[1, 2, 11, 10, 8, 0, 3, 4, 9, 7, 6, 5];(n[s]name[like]['%Tony%Stark%', '%Iron%Man%']);48.94952321052551;7658148999
[1, 2, 11, 10, 8, 0, 3, 4, 9, 7, 6, 5];(n[s]name[like]['%Tony%Stark%', '%Iron%Man%']);50.68454432487488;7658143150
[0, 2, 5, 9, 8, 11, 10, 6, 4, 3, 1, 7];((k[s]keyword[in]['superhero', 'sequel', 'second-part', 'marvel-comics', 'based-on-comic', 'tv-special', 'fight', 'violence'])[X]((n[s]name[like]['%Tony%Stark%', '%Iron%Man%'])[X]((chn[s]name[not-like]%Sherlock%)[X]((cct2[s]kind[like]['%complete%'])[X](cc[X](t[s]production_year[>]1950))))));53.70298957824707;7658151267
[0, 2, 5, 9, 8, 11, 10, 6, 4, 3, 1, 7];((k[s]keyword[in]['superhero', 'sequel', 'second-part', 'marvel-comics', 'based-on-comic', 'tv-special', 'fight', 'violence'])[X]((n[s]name[like]['%Tony%Stark%', '%Iron%Man%'])[X]((chn[s]name[not-like]%Sherlock%)[X]((cct2[s]kind[like]['%complete%'])[X](cc[X](t[s]production_year[>]1950))))));53.9917368888855;7658150800
[0, 2, 5, 9, 8, 11, 10, 6, 4, 3, 1, 7];((k[s]keyword[in]['superhero', 'sequel', 'second-part', 'marvel-comics', 'based-on-comic', 'tv-special', 'fight', 'violence'])[X]((n[s]name[like]['%Tony%Stark%', '%Iron%Man%'])[X]((chn[s]name[not-like]%Sherlock%)[X]((cct2[s]kind[like]['%complete%'])[X](cc[X](t[s]production_year[>]1950))))));53.986698627471924;7658142974
[0, 2, 5, 9, 8, 11, 10, 6, 4, 3, 1, 7];((k[s]keyword[in]['superhero', 'sequel', 'second-part', 'marvel-comics', 'based-on-comic', 'tv-special', 'fight', 'violence'])[X]((n[s]name[like]['%Tony%Stark%', '%Iron%Man%'])[X]((chn[s]name[not-like]%Sherlock%)[X]((cct2[s]kind[like]['%complete%'])[X](cc[X](t[s]production_year[>]1950))))));54.04680609703064;7658148615
[0, 2, 5, 9, 8, 11, 10, 6, 4, 3, 1, 7];((k[s]keyword[in]['superhero', 'sequel', 'second-part', 'marvel-comics', 'based-on-comic', 'tv-special', 'fight', 'violence'])[X]((n[s]name[like]['%Tony%Stark%', '%Iron%Man%'])[X]((chn[s]name[not-like]%Sherlock%)[X]((cct2[s]kind[like]['%complete%'])[X](cc[X](t[s]production_year[>]1950))))));55.218302965164185;7658145169
[10, 6, 7, 5, 4, 1, 0, 3, 8, 2, 9, 11];(kt[s]kind[in]['movie']);66.91013169288635;7658152477
[10, 6, 7, 5, 4, 1, 0, 3, 8, 2, 9, 11];(kt[s]kind[in]['movie']);67.43438982963562;7658147405
[10, 6, 7, 5, 4, 1, 0, 3, 8, 2, 9, 11];(kt[s]kind[in]['movie']);67.61372184753418;7658143455
[10, 6, 7, 5, 4, 1, 0, 3, 8, 2, 9, 11];(kt[s]kind[in]['movie']);64.66348910331726;7658141865
[10, 6, 7, 5, 4, 1, 0, 3, 8, 2, 9, 11];(kt[s]kind[in]['movie']);65.29286980628967;7658145424
[8, 3, 9, 10, 2, 1, 0, 7, 11, 6, 5, 4];(kt[s]kind[in]['movie']);48.459012508392334;7658146929
[8, 3, 9, 10, 2, 1, 0, 7, 11, 6, 5, 4];(kt[s]kind[in]['movie']);47.99576115608215;7658153707
[8, 3, 9, 10, 2, 1, 0, 7, 11, 6, 5, 4];(kt[s]kind[in]['movie']);47.26773977279663;7658142347
[8, 3, 9, 10, 2, 1, 0, 7, 11, 6, 5, 4];(kt[s]kind[in]['movie']);48.05357766151428;7658143724
[8, 3, 9, 10, 2, 1, 0, 7, 11, 6, 5, 4];(kt[s]kind[in]['movie']);48.139448165893555;7658149483
[7, 2, 3, 0, 6, 10, 1, 5, 11, 8, 4, 9];(kt[s]kind[in]['movie']);67.20594906806946;7658141721
[7, 2, 3, 0, 6, 10, 1, 5, 11, 8, 4, 9];(kt[s]kind[in]['movie']);68.64106607437134;7658145205
[7, 2, 3, 0, 6, 10, 1, 5, 11, 8, 4, 9];(kt[s]kind[in]['movie']);67.62898898124695;7658137315
[7, 2, 3, 0, 6, 10, 1, 5, 11, 8, 4, 9];(kt[s]kind[in]['movie']);68.64540958404541;7658142910
[7, 2, 3, 0, 6, 10, 1, 5, 11, 8, 4, 9];(kt[s]kind[in]['movie']);68.18510746955872;7658151258
[4, 11, 3, 6, 2, 5, 7, 0, 8, 10, 1, 9];(k[s]keyword[in]['superhero', 'sequel', 'second-part', 'marvel-comics', 'based-on-comic', 'tv-special', 'fight', 'violence']);66.75012969970703;7658143370
[4, 11, 3, 6, 2, 5, 7, 0, 8, 10, 1, 9];(k[s]keyword[in]['superhero', 'sequel', 'second-part', 'marvel-comics', 'based-on-comic', 'tv-special', 'fight', 'violence']);66.28179025650024;7658143420
[4, 11, 3, 6, 2, 5, 7, 0, 8, 10, 1, 9];(k[s]keyword[in]['superhero', 'sequel', 'second-part', 'marvel-comics', 'based-on-comic', 'tv-special', 'fight', 'violence']);68.67218136787415;7658144006
[4, 11, 3, 6, 2, 5, 7, 0, 8, 10, 1, 9];(k[s]keyword[in]['superhero', 'sequel', 'second-part', 'marvel-comics', 'based-on-comic', 'tv-special', 'fight', 'violence']);67.335196018219;7658143169
[4, 11, 3, 6, 2, 5, 7, 0, 8, 10, 1, 9];(k[s]keyword[in]['superhero', 'sequel', 'second-part', 'marvel-comics', 'based-on-comic', 'tv-special', 'fight', 'violence']);66.6403501033783;7658149433
[11, 3, 0, 6, 2, 5, 7, 9, 8, 1, 10, 4];(n[s]name[like]['%Tony%Stark%', '%Iron%Man%']);52.978917598724365;7658152068
[11, 3, 0, 6, 2, 5, 7, 9, 8, 1, 10, 4];(n[s]name[like]['%Tony%Stark%', '%Iron%Man%']);54.07886600494385;7658142774
[11, 3, 0, 6, 2, 5, 7, 9, 8, 1, 10, 4];(n[s]name[like]['%Tony%Stark%', '%Iron%Man%']);53.22456479072571;7658149343
[11, 3, 0, 6, 2, 5, 7, 9, 8, 1, 10, 4];(n[s]name[like]['%Tony%Stark%', '%Iron%Man%']);54.15796709060669;7658143207
[11, 3, 0, 6, 2, 5, 7, 9, 8, 1, 10, 4];(n[s]name[like]['%Tony%Stark%', '%Iron%Man%']);54.475754499435425;7658141831
[10, 6, 3, 8, 2, 0, 5, 11, 1, 4, 9, 7];(k[s]keyword[in]['superhero', 'sequel', 'second-part', 'marvel-comics', 'based-on-comic', 'tv-special', 'fight', 'violence']);48.94135570526123;7658150799
[10, 6, 3, 8, 2, 0, 5, 11, 1, 4, 9, 7];(k[s]keyword[in]['superhero', 'sequel', 'second-part', 'marvel-comics', 'based-on-comic', 'tv-special', 'fight', 'violence']);49.26339912414551;7658152518
[10, 6, 3, 8, 2, 0, 5, 11, 1, 4, 9, 7];(k[s]keyword[in]['superhero', 'sequel', 'second-part', 'marvel-comics', 'based-on-comic', 'tv-special', 'fight', 'violence']);49.55695581436157;7658148314
[10, 6, 3, 8, 2, 0, 5, 11, 1, 4, 9, 7];(k[s]keyword[in]['superhero', 'sequel', 'second-part', 'marvel-comics', 'based-on-comic', 'tv-special', 'fight', 'violence']);49.10067844390869;7658148366
[10, 6, 3, 8, 2, 0, 5, 11, 1, 4, 9, 7];(k[s]keyword[in]['superhero', 'sequel', 'second-part', 'marvel-comics', 'based-on-comic', 'tv-special', 'fight', 'violence']);48.376972913742065;7658152516
[5, 1, 3, 6, 9, 0, 11, 2, 7, 10, 4, 8];(kt[s]kind[in]['movie']);52.09919261932373;7658149190
[5, 1, 3, 6, 9, 0, 11, 2, 7, 10, 4, 8];(kt[s]kind[in]['movie']);53.13388109207153;7658143196
[5, 1, 3, 6, 9, 0, 11, 2, 7, 10, 4, 8];(kt[s]kind[in]['movie']);53.16337299346924;7658146096
[5, 1, 3, 6, 9, 0, 11, 2, 7, 10, 4, 8];(kt[s]kind[in]['movie']);52.690752267837524;7658143522
[5, 1, 3, 6, 9, 0, 11, 2, 7, 10, 4, 8];(kt[s]kind[in]['movie']);53.921759605407715;7658149449
[0, 11, 4, 2, 8, 7, 5, 3, 6, 1, 9, 10];(kt[s]kind[in]['movie']);54.61691975593567;7658143693
[0, 11, 4, 2, 8, 7, 5, 3, 6, 1, 9, 10];(kt[s]kind[in]['movie']);54.61932301521301;7658142715
[0, 11, 4, 2, 8, 7, 5, 3, 6, 1, 9, 10];(kt[s]kind[in]['movie']);54.19640851020813;7658143195
[0, 11, 4, 2, 8, 7, 5, 3, 6, 1, 9, 10];(kt[s]kind[in]['movie']);55.2247269153595;7658142512
[0, 11, 4, 2, 8, 7, 5, 3, 6, 1, 9, 10];(kt[s]kind[in]['movie']);55.97902250289917;7658149147
[0, 8, 2, 9, 10, 1, 3, 5, 6, 7, 4, 11];(kt[s]kind[in]['movie']);53.258395195007324;7658147954
[0, 8, 2, 9, 10, 1, 3, 5, 6, 7, 4, 11];(kt[s]kind[in]['movie']);53.356199741363525;7658142093
[0, 8, 2, 9, 10, 1, 3, 5, 6, 7, 4, 11];(kt[s]kind[in]['movie']);53.24447727203369;7658143029
[0, 8, 2, 9, 10, 1, 3, 5, 6, 7, 4, 11];(kt[s]kind[in]['movie']);53.476226568222046;7658148205
[0, 8, 2, 9, 10, 1, 3, 5, 6, 7, 4, 11];(kt[s]kind[in]['movie']);52.625752449035645;7658143470
[8, 0, 4, 11, 7, 3, 5, 10, 2, 1, 9, 6];(((n[s]name[like]['%Tony%Stark%', '%Iron%Man%'])[X]((cct2[s]kind[like]['%complete%'])[X]((cct1[s]kind[in]['cast'])[X](cc[X]ci))))[X]((kt[s]kind[in]['movie'])[X]((k[s]keyword[in]['superhero', 'sequel', 'second-part', 'marvel-comics', 'based-on-comic', 'tv-special', 'fight', 'violence'])[X]((chn[s]name[not-like]%Sherlock%)[X](mk[X](t[s]production_year[>]1950))))));49.438462018966675;7658151465
[8, 0, 4, 11, 7, 3, 5, 10, 2, 1, 9, 6];(((n[s]name[like]['%Tony%Stark%', '%Iron%Man%'])[X]((cct2[s]kind[like]['%complete%'])[X]((cct1[s]kind[in]['cast'])[X](cc[X]ci))))[X]((kt[s]kind[in]['movie'])[X]((k[s]keyword[in]['superhero', 'sequel', 'second-part', 'marvel-comics', 'based-on-comic', 'tv-special', 'fight', 'violence'])[X]((chn[s]name[not-like]%Sherlock%)[X](mk[X](t[s]production_year[>]1950))))));49.408976554870605;7658152367
[8, 0, 4, 11, 7, 3, 5, 10, 2, 1, 9, 6];(((n[s]name[like]['%Tony%Stark%', '%Iron%Man%'])[X]((cct2[s]kind[like]['%complete%'])[X]((cct1[s]kind[in]['cast'])[X](cc[X]ci))))[X]((kt[s]kind[in]['movie'])[X]((k[s]keyword[in]['superhero', 'sequel', 'second-part', 'marvel-comics', 'based-on-comic', 'tv-special', 'fight', 'violence'])[X]((chn[s]name[not-like]%Sherlock%)[X](mk[X](t[s]production_year[>]1950))))));50.21133780479431;7658138826
[8, 0, 4, 11, 7, 3, 5, 10, 2, 1, 9, 6];(((n[s]name[like]['%Tony%Stark%', '%Iron%Man%'])[X]((cct2[s]kind[like]['%complete%'])[X]((cct1[s]kind[in]['cast'])[X](cc[X]ci))))[X]((kt[s]kind[in]['movie'])[X]((k[s]keyword[in]['superhero', 'sequel', 'second-part', 'marvel-comics', 'based-on-comic', 'tv-special', 'fight', 'violence'])[X]((chn[s]name[not-like]%Sherlock%)[X](mk[X](t[s]production_year[>]1950))))));49.68162441253662;7658144505
[8, 0, 4, 11, 7, 3, 5, 10, 2, 1, 9, 6];(((n[s]name[like]['%Tony%Stark%', '%Iron%Man%'])[X]((cct2[s]kind[like]['%complete%'])[X]((cct1[s]kind[in]['cast'])[X](cc[X]ci))))[X]((kt[s]kind[in]['movie'])[X]((k[s]keyword[in]['superhero', 'sequel', 'second-part', 'marvel-comics', 'based-on-comic', 'tv-special', 'fight', 'violence'])[X]((chn[s]name[not-like]%Sherlock%)[X](mk[X](t[s]production_year[>]1950))))));49.68138861656189;7658149306
[7, 0, 1, 8, 4, 10, 11, 9, 6, 5, 3, 2];(((n[s]name[like]['%Tony%Stark%', '%Iron%Man%'])[X]((chn[s]name[not-like]%Sherlock%)[X]((cct2[s]kind[like]['%complete%'])[X](cc[X]ci))))[X]((kt[s]kind[in]['movie'])[X]((k[s]keyword[in]['superhero', 'sequel', 'second-part', 'marvel-comics', 'based-on-comic', 'tv-special', 'fight', 'violence'])[X]((cct1[s]kind[in]['cast'])[X](mk[X](t[s]production_year[>]1950))))));66.50401830673218;7658143625
[7, 0, 1, 8, 4, 10, 11, 9, 6, 5, 3, 2];(((n[s]name[like]['%Tony%Stark%', '%Iron%Man%'])[X]((chn[s]name[not-like]%Sherlock%)[X]((cct2[s]kind[like]['%complete%'])[X](cc[X]ci))))[X]((kt[s]kind[in]['movie'])[X]((k[s]keyword[in]['superhero', 'sequel', 'second-part', 'marvel-comics', 'based-on-comic', 'tv-special', 'fight', 'violence'])[X]((cct1[s]kind[in]['cast'])[X](mk[X](t[s]production_year[>]1950))))));67.13054251670837;7658149807
[7, 0, 1, 8, 4, 10, 11, 9, 6, 5, 3, 2];(((n[s]name[like]['%Tony%Stark%', '%Iron%Man%'])[X]((chn[s]name[not-like]%Sherlock%)[X]((cct2[s]kind[like]['%complete%'])[X](cc[X]ci))))[X]((kt[s]kind[in]['movie'])[X]((k[s]keyword[in]['superhero', 'sequel', 'second-part', 'marvel-comics', 'based-on-comic', 'tv-special', 'fight', 'violence'])[X]((cct1[s]kind[in]['cast'])[X](mk[X](t[s]production_year[>]1950))))));69.11451292037964;7658142517
[7, 0, 1, 8, 4, 10, 11, 9, 6, 5, 3, 2];(((n[s]name[like]['%Tony%Stark%', '%Iron%Man%'])[X]((chn[s]name[not-like]%Sherlock%)[X]((cct2[s]kind[like]['%complete%'])[X](cc[X]ci))))[X]((kt[s]kind[in]['movie'])[X]((k[s]keyword[in]['superhero', 'sequel', 'second-part', 'marvel-comics', 'based-on-comic', 'tv-special', 'fight', 'violence'])[X]((cct1[s]kind[in]['cast'])[X](mk[X](t[s]production_year[>]1950))))));66.47675013542175;7658143129
[7, 0, 1, 8, 4, 10, 11, 9, 6, 5, 3, 2];(((n[s]name[like]['%Tony%Stark%', '%Iron%Man%'])[X]((chn[s]name[not-like]%Sherlock%)[X]((cct2[s]kind[like]['%complete%'])[X](cc[X]ci))))[X]((kt[s]kind[in]['movie'])[X]((k[s]keyword[in]['superhero', 'sequel', 'second-part', 'marvel-comics', 'based-on-comic', 'tv-special', 'fight', 'violence'])[X]((cct1[s]kind[in]['cast'])[X](mk[X](t[s]production_year[>]1950))))));68.11601710319519;7658142141
[4, 7, 0, 8, 10, 2, 9, 1, 11, 6, 5, 3];((k[s]keyword[in]['superhero', 'sequel', 'second-part', 'marvel-comics', 'based-on-comic', 'tv-special', 'fight', 'violence'])[X]((n[s]name[like]['%Tony%Stark%', '%Iron%Man%'])[X]((chn[s]name[not-like]%Sherlock%)[X](mk[X](t[s]production_year[>]1950)))));68.35267877578735;7658142064
[4, 7, 0, 8, 10, 2, 9, 1, 11, 6, 5, 3];((k[s]keyword[in]['superhero', 'sequel', 'second-part', 'marvel-comics', 'based-on-comic', 'tv-special', 'fight', 'violence'])[X]((n[s]name[like]['%Tony%Stark%', '%Iron%Man%'])[X]((chn[s]name[not-like]%Sherlock%)[X](mk[X](t[s]production_year[>]1950)))));66.16533780097961;7658153179
[4, 7, 0, 8, 10, 2, 9, 1, 11, 6, 5, 3];((k[s]keyword[in]['superhero', 'sequel', 'second-part', 'marvel-comics', 'based-on-comic', 'tv-special', 'fight', 'violence'])[X]((n[s]name[like]['%Tony%Stark%', '%Iron%Man%'])[X]((chn[s]name[not-like]%Sherlock%)[X](mk[X](t[s]production_year[>]1950)))));66.19540524482727;7658141416
[4, 7, 0, 8, 10, 2, 9, 1, 11, 6, 5, 3];((k[s]keyword[in]['superhero', 'sequel', 'second-part', 'marvel-comics', 'based-on-comic', 'tv-special', 'fight', 'violence'])[X]((n[s]name[like]['%Tony%Stark%', '%Iron%Man%'])[X]((chn[s]name[not-like]%Sherlock%)[X](mk[X](t[s]production_year[>]1950)))));67.39572763442993;7658143113
[4, 7, 0, 8, 10, 2, 9, 1, 11, 6, 5, 3];((k[s]keyword[in]['superhero', 'sequel', 'second-part', 'marvel-comics', 'based-on-comic', 'tv-special', 'fight', 'violence'])[X]((n[s]name[like]['%Tony%Stark%', '%Iron%Man%'])[X]((chn[s]name[not-like]%Sherlock%)[X](mk[X](t[s]production_year[>]1950)))));67.04524350166321;7658143668
[3, 4, 6, 7, 5, 8, 2, 11, 10, 1, 9, 0];((k[s]keyword[in]['superhero', 'sequel', 'second-part', 'marvel-comics', 'based-on-comic', 'tv-special', 'fight', 'violence'])[X]((n[s]name[like]['%Tony%Stark%', '%Iron%Man%'])[X]((chn[s]name[not-like]%Sherlock%)[X]((cct2[s]kind[like]['%complete%'])[X]((cct1[s]kind[in]['cast'])[X](mk[X](cc[X]ci)))))));68.47045254707336;7658146360
[3, 4, 6, 7, 5, 8, 2, 11, 10, 1, 9, 0];((k[s]keyword[in]['superhero', 'sequel', 'second-part', 'marvel-comics', 'based-on-comic', 'tv-special', 'fight', 'violence'])[X]((n[s]name[like]['%Tony%Stark%', '%Iron%Man%'])[X]((chn[s]name[not-like]%Sherlock%)[X]((cct2[s]kind[like]['%complete%'])[X]((cct1[s]kind[in]['cast'])[X](mk[X](cc[X]ci)))))));67.24916648864746;7658143990
[3, 4, 6, 7, 5, 8, 2, 11, 10, 1, 9, 0];((k[s]keyword[in]['superhero', 'sequel', 'second-part', 'marvel-comics', 'based-on-comic', 'tv-special', 'fight', 'violence'])[X]((n[s]name[like]['%Tony%Stark%', '%Iron%Man%'])[X]((chn[s]name[not-like]%Sherlock%)[X]((cct2[s]kind[like]['%complete%'])[X]((cct1[s]kind[in]['cast'])[X](mk[X](cc[X]ci)))))));66.60021352767944;7658142309
[3, 4, 6, 7, 5, 8, 2, 11, 10, 1, 9, 0];((k[s]keyword[in]['superhero', 'sequel', 'second-part', 'marvel-comics', 'based-on-comic', 'tv-special', 'fight', 'violence'])[X]((n[s]name[like]['%Tony%Stark%', '%Iron%Man%'])[X]((chn[s]name[not-like]%Sherlock%)[X]((cct2[s]kind[like]['%complete%'])[X]((cct1[s]kind[in]['cast'])[X](mk[X](cc[X]ci)))))));67.4568042755127;7658143786
[3, 4, 6, 7, 5, 8, 2, 11, 10, 1, 9, 0];((k[s]keyword[in]['superhero', 'sequel', 'second-part', 'marvel-comics', 'based-on-comic', 'tv-special', 'fight', 'violence'])[X]((n[s]name[like]['%Tony%Stark%', '%Iron%Man%'])[X]((chn[s]name[not-like]%Sherlock%)[X]((cct2[s]kind[like]['%complete%'])[X]((cct1[s]kind[in]['cast'])[X](mk[X](cc[X]ci)))))));66.76909923553467;7658149291
[10, 2, 9, 7, 0, 8, 4, 11, 1, 3, 5, 6];(k[s]keyword[in]['superhero', 'sequel', 'second-part', 'marvel-comics', 'based-on-comic', 'tv-special', 'fight', 'violence']);53.76106095314026;7658143249
[10, 2, 9, 7, 0, 8, 4, 11, 1, 3, 5, 6];(k[s]keyword[in]['superhero', 'sequel', 'second-part', 'marvel-comics', 'based-on-comic', 'tv-special', 'fight', 'violence']);53.75265192985535;7658144497
[10, 2, 9, 7, 0, 8, 4, 11, 1, 3, 5, 6];(k[s]keyword[in]['superhero', 'sequel', 'second-part', 'marvel-comics', 'based-on-comic', 'tv-special', 'fight', 'violence']);53.129939794540405;7658144436
[10, 2, 9, 7, 0, 8, 4, 11, 1, 3, 5, 6];(k[s]keyword[in]['superhero', 'sequel', 'second-part', 'marvel-comics', 'based-on-comic', 'tv-special', 'fight', 'violence']);53.16569447517395;7658142238
[10, 2, 9, 7, 0, 8, 4, 11, 1, 3, 5, 6];(k[s]keyword[in]['superhero', 'sequel', 'second-part', 'marvel-comics', 'based-on-comic', 'tv-special', 'fight', 'violence']);53.67538571357727;7658151372
[9, 5, 1, 3, 10, 0, 11, 8, 6, 2, 4, 7];(kt[s]kind[in]['movie']);53.99197244644165;7658143261
[9, 5, 1, 3, 10, 0, 11, 8, 6, 2, 4, 7];(kt[s]kind[in]['movie']);53.526604413986206;7658147877
[9, 5, 1, 3, 10, 0, 11, 8, 6, 2, 4, 7];(kt[s]kind[in]['movie']);54.37433338165283;7658150092
[9, 5, 1, 3, 10, 0, 11, 8, 6, 2, 4, 7];(kt[s]kind[in]['movie']);53.53205060958862;7658149371
[9, 5, 1, 3, 10, 0, 11, 8, 6, 2, 4, 7];(kt[s]kind[in]['movie']);54.465126276016235;7658139229
[8, 4, 3, 6, 0, 9, 10, 2, 11, 7, 5, 1];((k[s]keyword[in]['superhero', 'sequel', 'second-part', 'marvel-comics', 'based-on-comic', 'tv-special', 'fight', 'violence'])[X]((n[s]name[like]['%Tony%Stark%', '%Iron%Man%'])[X]((cct2[s]kind[like]['%complete%'])[X](cc[X]ci))));49.20232701301575;7658149909
[8, 4, 3, 6, 0, 9, 10, 2, 11, 7, 5, 1];((k[s]keyword[in]['superhero', 'sequel', 'second-part', 'marvel-comics', 'based-on-comic', 'tv-special', 'fight', 'violence'])[X]((n[s]name[like]['%Tony%Stark%', '%Iron%Man%'])[X]((cct2[s]kind[like]['%complete%'])[X](cc[X]ci))));49.68402910232544;7658149571
[8, 4, 3, 6, 0, 9, 10, 2, 11, 7, 5, 1];((k[s]keyword[in]['superhero', 'sequel', 'second-part', 'marvel-comics', 'based-on-comic', 'tv-special', 'fight', 'violence'])[X]((n[s]name[like]['%Tony%Stark%', '%Iron%Man%'])[X]((cct2[s]kind[like]['%complete%'])[X](cc[X]ci))));49.69112753868103;7658149216
[8, 4, 3, 6, 0, 9, 10, 2, 11, 7, 5, 1];((k[s]keyword[in]['superhero', 'sequel', 'second-part', 'marvel-comics', 'based-on-comic', 'tv-special', 'fight', 'violence'])[X]((n[s]name[like]['%Tony%Stark%', '%Iron%Man%'])[X]((cct2[s]kind[like]['%complete%'])[X](cc[X]ci))));49.74879574775696;7658142119
[8, 4, 3, 6, 0, 9, 10, 2, 11, 7, 5, 1];((k[s]keyword[in]['superhero', 'sequel', 'second-part', 'marvel-comics', 'based-on-comic', 'tv-special', 'fight', 'violence'])[X]((n[s]name[like]['%Tony%Stark%', '%Iron%Man%'])[X]((cct2[s]kind[like]['%complete%'])[X](cc[X]ci))));49.321993827819824;7658139165
[6, 10, 3, 8, 0, 7, 5, 1, 11, 2, 4, 9];(kt[s]kind[in]['movie']);49.921146392822266;7658142395
[6, 10, 3, 8, 0, 7, 5, 1, 11, 2, 4, 9];(kt[s]kind[in]['movie']);49.76368069648743;7658143451
[6, 10, 3, 8, 0, 7, 5, 1, 11, 2, 4, 9];(kt[s]kind[in]['movie']);49.236130237579346;7658143062
[6, 10, 3, 8, 0, 7, 5, 1, 11, 2, 4, 9];(kt[s]kind[in]['movie']);49.30769157409668;7658150298
[6, 10, 3, 8, 0, 7, 5, 1, 11, 2, 4, 9];(kt[s]kind[in]['movie']);49.637213468551636;7658141331
[11, 10, 2, 0, 7, 1, 4, 9, 5, 3, 8, 6];(chn[s]name[not-like]%Sherlock%);52.43098497390747;7658144793
[11, 10, 2, 0, 7, 1, 4, 9, 5, 3, 8, 6];(chn[s]name[not-like]%Sherlock%);51.80015516281128;7658148889
[11, 10, 2, 0, 7, 1, 4, 9, 5, 3, 8, 6];(chn[s]name[not-like]%Sherlock%);52.161733865737915;7658143705
[11, 10, 2, 0, 7, 1, 4, 9, 5, 3, 8, 6];(chn[s]name[not-like]%Sherlock%);53.442625999450684;7658140996
[11, 10, 2, 0, 7, 1, 4, 9, 5, 3, 8, 6];(chn[s]name[not-like]%Sherlock%);52.454591512680054;7658143257
[0, 10, 5, 11, 9, 3, 4, 7, 8, 6, 2, 1];((kt[s]kind[in]['movie'])[X]((k[s]keyword[in]['superhero', 'sequel', 'second-part', 'marvel-comics', 'based-on-comic', 'tv-special', 'fight', 'violence'])[X]((n[s]name[like]['%Tony%Stark%', '%Iron%Man%'])[X]((chn[s]name[not-like]%Sherlock%)[X]((cct2[s]kind[like]['%complete%'])[X]((cct1[s]kind[in]['cast'])[X](mk[X](ci[X](cc[X](t[s]production_year[>]1950))))))))));53.986369132995605;7658140126
[0, 10, 5, 11, 9, 3, 4, 7, 8, 6, 2, 1];((kt[s]kind[in]['movie'])[X]((k[s]keyword[in]['superhero', 'sequel', 'second-part', 'marvel-comics', 'based-on-comic', 'tv-special', 'fight', 'violence'])[X]((n[s]name[like]['%Tony%Stark%', '%Iron%Man%'])[X]((chn[s]name[not-like]%Sherlock%)[X]((cct2[s]kind[like]['%complete%'])[X]((cct1[s]kind[in]['cast'])[X](mk[X](ci[X](cc[X](t[s]production_year[>]1950))))))))));53.67286944389343;7658142018
[0, 10, 5, 11, 9, 3, 4, 7, 8, 6, 2, 1];((kt[s]kind[in]['movie'])[X]((k[s]keyword[in]['superhero', 'sequel', 'second-part', 'marvel-comics', 'based-on-comic', 'tv-special', 'fight', 'violence'])[X]((n[s]name[like]['%Tony%Stark%', '%Iron%Man%'])[X]((chn[s]name[not-like]%Sherlock%)[X]((cct2[s]kind[like]['%complete%'])[X]((cct1[s]kind[in]['cast'])[X](mk[X](ci[X](cc[X](t[s]production_year[>]1950))))))))));53.64571976661682;7658142004
[0, 10, 5, 11, 9, 3, 4, 7, 8, 6, 2, 1];((kt[s]kind[in]['movie'])[X]((k[s]keyword[in]['superhero', 'sequel', 'second-part', 'marvel-comics', 'based-on-comic', 'tv-special', 'fight', 'violence'])[X]((n[s]name[like]['%Tony%Stark%', '%Iron%Man%'])[X]((chn[s]name[not-like]%Sherlock%)[X]((cct2[s]kind[like]['%complete%'])[X]((cct1[s]kind[in]['cast'])[X](mk[X](ci[X](cc[X](t[s]production_year[>]1950))))))))));53.649935722351074;7658154177
[0, 10, 5, 11, 9, 3, 4, 7, 8, 6, 2, 1];((kt[s]kind[in]['movie'])[X]((k[s]keyword[in]['superhero', 'sequel', 'second-part', 'marvel-comics', 'based-on-comic', 'tv-special', 'fight', 'violence'])[X]((n[s]name[like]['%Tony%Stark%', '%Iron%Man%'])[X]((chn[s]name[not-like]%Sherlock%)[X]((cct2[s]kind[like]['%complete%'])[X]((cct1[s]kind[in]['cast'])[X](mk[X](ci[X](cc[X](t[s]production_year[>]1950))))))))));53.80553126335144;7658138503
[2, 10, 11, 3, 7, 1, 5, 6, 4, 9, 0, 8];(cct2[s]kind[like]['%complete%']);64.87073945999146;7658148505
[2, 10, 11, 3, 7, 1, 5, 6, 4, 9, 0, 8];(cct2[s]kind[like]['%complete%']);65.75244450569153;7658146757
[2, 10, 11, 3, 7, 1, 5, 6, 4, 9, 0, 8];(cct2[s]kind[like]['%complete%']);65.53049564361572;7658142725
[2, 10, 11, 3, 7, 1, 5, 6, 4, 9, 0, 8];(cct2[s]kind[like]['%complete%']);65.98590326309204;7658144269
[2, 10, 11, 3, 7, 1, 5, 6, 4, 9, 0, 8];(cct2[s]kind[like]['%complete%']);65.99466919898987;7658144308
[7, 9, 10, 6, 3, 2, 8, 11, 5, 1, 0, 4];((k[s]keyword[in]['superhero', 'sequel', 'second-part', 'marvel-comics', 'based-on-comic', 'tv-special', 'fight', 'violence'])[X]((n[s]name[like]['%Tony%Stark%', '%Iron%Man%'])[X]((chn[s]name[not-like]%Sherlock%)[X]((cct2[s]kind[like]['%complete%'])[X]((cct1[s]kind[in]['cast'])[X](mk[X](cc[X]ci)))))));67.73583698272705;7658139772
[7, 9, 10, 6, 3, 2, 8, 11, 5, 1, 0, 4];((k[s]keyword[in]['superhero', 'sequel', 'second-part', 'marvel-comics', 'based-on-comic', 'tv-special', 'fight', 'violence'])[X]((n[s]name[like]['%Tony%Stark%', '%Iron%Man%'])[X]((chn[s]name[not-like]%Sherlock%)[X]((cct2[s]kind[like]['%complete%'])[X]((cct1[s]kind[in]['cast'])[X](mk[X](cc[X]ci)))))));66.41343760490417;7658141783
[7, 9, 10, 6, 3, 2, 8, 11, 5, 1, 0, 4];((k[s]keyword[in]['superhero', 'sequel', 'second-part', 'marvel-comics', 'based-on-comic', 'tv-special', 'fight', 'violence'])[X]((n[s]name[like]['%Tony%Stark%', '%Iron%Man%'])[X]((chn[s]name[not-like]%Sherlock%)[X]((cct2[s]kind[like]['%complete%'])[X]((cct1[s]kind[in]['cast'])[X](mk[X](cc[X]ci)))))));66.86356663703918;7658142300
[7, 9, 10, 6, 3, 2, 8, 11, 5, 1, 0, 4];((k[s]keyword[in]['superhero', 'sequel', 'second-part', 'marvel-comics', 'based-on-comic', 'tv-special', 'fight', 'violence'])[X]((n[s]name[like]['%Tony%Stark%', '%Iron%Man%'])[X]((chn[s]name[not-like]%Sherlock%)[X]((cct2[s]kind[like]['%complete%'])[X]((cct1[s]kind[in]['cast'])[X](mk[X](cc[X]ci)))))));65.840815782547;7658142153
[7, 9, 10, 6, 3, 2, 8, 11, 5, 1, 0, 4];((k[s]keyword[in]['superhero', 'sequel', 'second-part', 'marvel-comics', 'based-on-comic', 'tv-special', 'fight', 'violence'])[X]((n[s]name[like]['%Tony%Stark%', '%Iron%Man%'])[X]((chn[s]name[not-like]%Sherlock%)[X]((cct2[s]kind[like]['%complete%'])[X]((cct1[s]kind[in]['cast'])[X](mk[X](cc[X]ci)))))));65.60483241081238;7658142806
[3, 0, 4, 9, 6, 5, 7, 11, 10, 2, 8, 1];((k[s]keyword[in]['superhero', 'sequel', 'second-part', 'marvel-comics', 'based-on-comic', 'tv-special', 'fight', 'violence'])[X]((cct1[s]kind[in]['cast'])[X](ci[X]mk)));55.4801127910614;7658144439
[3, 0, 4, 9, 6, 5, 7, 11, 10, 2, 8, 1];((k[s]keyword[in]['superhero', 'sequel', 'second-part', 'marvel-comics', 'based-on-comic', 'tv-special', 'fight', 'violence'])[X]((cct1[s]kind[in]['cast'])[X](ci[X]mk)));55.35574769973755;7658140196
[3, 0, 4, 9, 6, 5, 7, 11, 10, 2, 8, 1];((k[s]keyword[in]['superhero', 'sequel', 'second-part', 'marvel-comics', 'based-on-comic', 'tv-special', 'fight', 'violence'])[X]((cct1[s]kind[in]['cast'])[X](ci[X]mk)));56.74149441719055;7658144408
[3, 0, 4, 9, 6, 5, 7, 11, 10, 2, 8, 1];((k[s]keyword[in]['superhero', 'sequel', 'second-part', 'marvel-comics', 'based-on-comic', 'tv-special', 'fight', 'violence'])[X]((cct1[s]kind[in]['cast'])[X](ci[X]mk)));56.107221364974976;7658143596
[3, 0, 4, 9, 6, 5, 7, 11, 10, 2, 8, 1];((k[s]keyword[in]['superhero', 'sequel', 'second-part', 'marvel-comics', 'based-on-comic', 'tv-special', 'fight', 'violence'])[X]((cct1[s]kind[in]['cast'])[X](ci[X]mk)));57.056124687194824;7658139943
[9, 3, 0, 6, 8, 7, 11, 4, 10, 2, 1, 5];((n[s]name[like]['%Tony%Stark%', '%Iron%Man%'])[X]((chn[s]name[not-like]%Sherlock%)[X](cc[X]mk)));53.96229863166809;7658147234
[9, 3, 0, 6, 8, 7, 11, 4, 10, 2, 1, 5];((n[s]name[like]['%Tony%Stark%', '%Iron%Man%'])[X]((chn[s]name[not-like]%Sherlock%)[X](cc[X]mk)));54.79324698448181;7658146552
[9, 3, 0, 6, 8, 7, 11, 4, 10, 2, 1, 5];((n[s]name[like]['%Tony%Stark%', '%Iron%Man%'])[X]((chn[s]name[not-like]%Sherlock%)[X](cc[X]mk)));54.08159303665161;7658148004
[9, 3, 0, 6, 8, 7, 11, 4, 10, 2, 1, 5];((n[s]name[like]['%Tony%Stark%', '%Iron%Man%'])[X]((chn[s]name[not-like]%Sherlock%)[X](cc[X]mk)));53.79155397415161;7658149147
[9, 3, 0, 6, 8, 7, 11, 4, 10, 2, 1, 5];((n[s]name[like]['%Tony%Stark%', '%Iron%Man%'])[X]((chn[s]name[not-like]%Sherlock%)[X](cc[X]mk)));53.67492747306824;7658144259
[1, 5, 10, 2, 9, 0, 8, 3, 7, 6, 11, 4];(k[s]keyword[in]['superhero', 'sequel', 'second-part', 'marvel-comics', 'based-on-comic', 'tv-special', 'fight', 'violence']);52.88263154029846;7658143186
[1, 5, 10, 2, 9, 0, 8, 3, 7, 6, 11, 4];(k[s]keyword[in]['superhero', 'sequel', 'second-part', 'marvel-comics', 'based-on-comic', 'tv-special', 'fight', 'violence']);53.72124457359314;7658143142
[1, 5, 10, 2, 9, 0, 8, 3, 7, 6, 11, 4];(k[s]keyword[in]['superhero', 'sequel', 'second-part', 'marvel-comics', 'based-on-comic', 'tv-special', 'fight', 'violence']);53.07569909095764;7658154964
[1, 5, 10, 2, 9, 0, 8, 3, 7, 6, 11, 4];(k[s]keyword[in]['superhero', 'sequel', 'second-part', 'marvel-comics', 'based-on-comic', 'tv-special', 'fight', 'violence']);52.29535150527954;7658142811
[1, 5, 10, 2, 9, 0, 8, 3, 7, 6, 11, 4];(k[s]keyword[in]['superhero', 'sequel', 'second-part', 'marvel-comics', 'based-on-comic', 'tv-special', 'fight', 'violence']);53.29084610939026;7658143688
[1, 5, 2, 0, 6, 8, 3, 4, 11, 7, 9, 10];(chn[s]name[not-like]%Sherlock%);55.95672035217285;7658153111
[1, 5, 2, 0, 6, 8, 3, 4, 11, 7, 9, 10];(chn[s]name[not-like]%Sherlock%);56.202569007873535;7658143167
[1, 5, 2, 0, 6, 8, 3, 4, 11, 7, 9, 10];(chn[s]name[not-like]%Sherlock%);55.89702796936035;7658143588
[1, 5, 2, 0, 6, 8, 3, 4, 11, 7, 9, 10];(chn[s]name[not-like]%Sherlock%);55.81551194190979;7658145534
[1, 5, 2, 0, 6, 8, 3, 4, 11, 7, 9, 10];(chn[s]name[not-like]%Sherlock%);55.313509702682495;7658139516
[2, 5, 10, 3, 0, 4, 9, 8, 1, 11, 6, 7];(k[s]keyword[in]['superhero', 'sequel', 'second-part', 'marvel-comics', 'based-on-comic', 'tv-special', 'fight', 'violence']);55.223774671554565;7658142203
[2, 5, 10, 3, 0, 4, 9, 8, 1, 11, 6, 7];(k[s]keyword[in]['superhero', 'sequel', 'second-part', 'marvel-comics', 'based-on-comic', 'tv-special', 'fight', 'violence']);53.381014823913574;7658149209
[2, 5, 10, 3, 0, 4, 9, 8, 1, 11, 6, 7];(k[s]keyword[in]['superhero', 'sequel', 'second-part', 'marvel-comics', 'based-on-comic', 'tv-special', 'fight', 'violence']);52.42953395843506;7658143094
[2, 5, 10, 3, 0, 4, 9, 8, 1, 11, 6, 7];(k[s]keyword[in]['superhero', 'sequel', 'second-part', 'marvel-comics', 'based-on-comic', 'tv-special', 'fight', 'violence']);52.87576460838318;7658143112
[2, 5, 10, 3, 0, 4, 9, 8, 1, 11, 6, 7];(k[s]keyword[in]['superhero', 'sequel', 'second-part', 'marvel-comics', 'based-on-comic', 'tv-special', 'fight', 'violence']);52.62473917007446;7658143750
[10, 4, 8, 0, 5, 11, 9, 2, 1, 3, 6, 7];((k[s]keyword[in]['superhero', 'sequel', 'second-part', 'marvel-comics', 'based-on-comic', 'tv-special', 'fight', 'violence'])[X]((n[s]name[like]['%Tony%Stark%', '%Iron%Man%'])[X]((chn[s]name[not-like]%Sherlock%)[X]((cct2[s]kind[like]['%complete%'])[X](mk[X](t[s]production_year[>]1950))))));48.758731842041016;7658143816
[10, 4, 8, 0, 5, 11, 9, 2, 1, 3, 6, 7];((k[s]keyword[in]['superhero', 'sequel', 'second-part', 'marvel-comics', 'based-on-comic', 'tv-special', 'fight', 'violence'])[X]((n[s]name[like]['%Tony%Stark%', '%Iron%Man%'])[X]((chn[s]name[not-like]%Sherlock%)[X]((cct2[s]kind[like]['%complete%'])[X](mk[X](t[s]production_year[>]1950))))));49.15190362930298;7658149348
[10, 4, 8, 0, 5, 11, 9, 2, 1, 3, 6, 7];((k[s]keyword[in]['superhero', 'sequel', 'second-part', 'marvel-comics', 'based-on-comic', 'tv-special', 'fight', 'violence'])[X]((n[s]name[like]['%Tony%Stark%', '%Iron%Man%'])[X]((chn[s]name[not-like]%Sherlock%)[X]((cct2[s]kind[like]['%complete%'])[X](mk[X](t[s]production_year[>]1950))))));48.9244863986969;7658141553
[10, 4, 8, 0, 5, 11, 9, 2, 1, 3, 6, 7];((k[s]keyword[in]['superhero', 'sequel', 'second-part', 'marvel-comics', 'based-on-comic', 'tv-special', 'fight', 'violence'])[X]((n[s]name[like]['%Tony%Stark%', '%Iron%Man%'])[X]((chn[s]name[not-like]%Sherlock%)[X]((cct2[s]kind[like]['%complete%'])[X](mk[X](t[s]production_year[>]1950))))));49.2239785194397;7658152975
[10, 4, 8, 0, 5, 11, 9, 2, 1, 3, 6, 7];((k[s]keyword[in]['superhero', 'sequel', 'second-part', 'marvel-comics', 'based-on-comic', 'tv-special', 'fight', 'violence'])[X]((n[s]name[like]['%Tony%Stark%', '%Iron%Man%'])[X]((chn[s]name[not-like]%Sherlock%)[X]((cct2[s]kind[like]['%complete%'])[X](mk[X](t[s]production_year[>]1950))))));48.99484848976135;7658137526
[10, 6, 5, 7, 11, 3, 4, 8, 1, 0, 2, 9];((n[s]name[like]['%Tony%Stark%', '%Iron%Man%'])[X](t[s]production_year[>]1950));66.41807389259338;7658141162
[10, 6, 5, 7, 11, 3, 4, 8, 1, 0, 2, 9];((n[s]name[like]['%Tony%Stark%', '%Iron%Man%'])[X](t[s]production_year[>]1950));66.22817397117615;7658151281
[10, 6, 5, 7, 11, 3, 4, 8, 1, 0, 2, 9];((n[s]name[like]['%Tony%Stark%', '%Iron%Man%'])[X](t[s]production_year[>]1950));66.29196858406067;7658142811
[10, 6, 5, 7, 11, 3, 4, 8, 1, 0, 2, 9];((n[s]name[like]['%Tony%Stark%', '%Iron%Man%'])[X](t[s]production_year[>]1950));65.41375470161438;7658147119
[10, 6, 5, 7, 11, 3, 4, 8, 1, 0, 2, 9];((n[s]name[like]['%Tony%Stark%', '%Iron%Man%'])[X](t[s]production_year[>]1950));67.31681656837463;7658148407
[5, 2, 4, 10, 1, 3, 6, 8, 11, 7, 9, 0];(n[s]name[like]['%Tony%Stark%', '%Iron%Man%']);48.43607139587402;7658150799
[5, 2, 4, 10, 1, 3, 6, 8, 11, 7, 9, 0];(n[s]name[like]['%Tony%Stark%', '%Iron%Man%']);49.59889578819275;7658142529
[5, 2, 4, 10, 1, 3, 6, 8, 11, 7, 9, 0];(n[s]name[like]['%Tony%Stark%', '%Iron%Man%']);49.21105885505676;7658149140
[5, 2, 4, 10, 1, 3, 6, 8, 11, 7, 9, 0];(n[s]name[like]['%Tony%Stark%', '%Iron%Man%']);49.56167483329773;7658145736
[5, 2, 4, 10, 1, 3, 6, 8, 11, 7, 9, 0];(n[s]name[like]['%Tony%Stark%', '%Iron%Man%']);49.24538230895996;7658143167
[7, 10, 8, 2, 4, 6, 3, 5, 1, 11, 9, 0];(t[s]production_year[>]1950);66.7278413772583;7658144006
[7, 10, 8, 2, 4, 6, 3, 5, 1, 11, 9, 0];(t[s]production_year[>]1950);65.9490053653717;7658144204
[7, 10, 8, 2, 4, 6, 3, 5, 1, 11, 9, 0];(t[s]production_year[>]1950);66.7535970211029;7658149093
[7, 10, 8, 2, 4, 6, 3, 5, 1, 11, 9, 0];(t[s]production_year[>]1950);66.31134295463562;7658143976
[7, 10, 8, 2, 4, 6, 3, 5, 1, 11, 9, 0];(t[s]production_year[>]1950);67.02545499801636;7658144998
[0, 2, 3, 8, 7, 4, 9, 10, 1, 5, 11, 6];(n[s]name[like]['%Tony%Stark%', '%Iron%Man%']);53.13790822029114;7658149193
[0, 2, 3, 8, 7, 4, 9, 10, 1, 5, 11, 6];(n[s]name[like]['%Tony%Stark%', '%Iron%Man%']);53.51700520515442;7658142039
[0, 2, 3, 8, 7, 4, 9, 10, 1, 5, 11, 6];(n[s]name[like]['%Tony%Stark%', '%Iron%Man%']);53.07745862007141;7658155387
[0, 2, 3, 8, 7, 4, 9, 10, 1, 5, 11, 6];(n[s]name[like]['%Tony%Stark%', '%Iron%Man%']);53.70690417289734;7658144620
[0, 2, 3, 8, 7, 4, 9, 10, 1, 5, 11, 6];(n[s]name[like]['%Tony%Stark%', '%Iron%Man%']);53.62387704849243;7658150769
[1, 8, 3, 7, 10, 11, 4, 9, 2, 5, 6, 0];(kt[s]kind[in]['movie']);51.49932837486267;7658143478
[1, 8, 3, 7, 10, 11, 4, 9, 2, 5, 6, 0];(kt[s]kind[in]['movie']);50.572959661483765;7658150230
[1, 8, 3, 7, 10, 11, 4, 9, 2, 5, 6, 0];(kt[s]kind[in]['movie']);51.2611141204834;7658143479
[1, 8, 3, 7, 10, 11, 4, 9, 2, 5, 6, 0];(kt[s]kind[in]['movie']);51.60417175292969;7658143777
[1, 8, 3, 7, 10, 11, 4, 9, 2, 5, 6, 0];(kt[s]kind[in]['movie']);51.259262800216675;7658140277
[0, 5, 1, 8, 3, 11, 7, 10, 6, 9, 2, 4];(n[s]name[like]['%Tony%Stark%', '%Iron%Man%']);56.59968638420105;7658142385
[0, 5, 1, 8, 3, 11, 7, 10, 6, 9, 2, 4];(n[s]name[like]['%Tony%Stark%', '%Iron%Man%']);56.70421051979065;7658141544
[0, 5, 1, 8, 3, 11, 7, 10, 6, 9, 2, 4];(n[s]name[like]['%Tony%Stark%', '%Iron%Man%']);56.750054359436035;7658147826
[0, 5, 1, 8, 3, 11, 7, 10, 6, 9, 2, 4];(n[s]name[like]['%Tony%Stark%', '%Iron%Man%']);56.24684476852417;7658148342
[0, 5, 1, 8, 3, 11, 7, 10, 6, 9, 2, 4];(n[s]name[like]['%Tony%Stark%', '%Iron%Man%']);56.974772930145264;7658143224
[9, 3, 0, 6, 4, 5, 8, 2, 1, 11, 7, 10];((k[s]keyword[in]['superhero', 'sequel', 'second-part', 'marvel-comics', 'based-on-comic', 'tv-special', 'fight', 'violence'])[X]((chn[s]name[not-like]%Sherlock%)[X]((cct2[s]kind[like]['%complete%'])[X]((cct1[s]kind[in]['cast'])[X](ci[X](t[s]production_year[>]1950))))));52.32684135437012;7658142018
[9, 3, 0, 6, 4, 5, 8, 2, 1, 11, 7, 10];((k[s]keyword[in]['superhero', 'sequel', 'second-part', 'marvel-comics', 'based-on-comic', 'tv-special', 'fight', 'violence'])[X]((chn[s]name[not-like]%Sherlock%)[X]((cct2[s]kind[like]['%complete%'])[X]((cct1[s]kind[in]['cast'])[X](ci[X](t[s]production_year[>]1950))))));51.4449999332428;7658143758
[9, 3, 0, 6, 4, 5, 8, 2, 1, 11, 7, 10];((k[s]keyword[in]['superhero', 'sequel', 'second-part', 'marvel-comics', 'based-on-comic', 'tv-special', 'fight', 'violence'])[X]((chn[s]name[not-like]%Sherlock%)[X]((cct2[s]kind[like]['%complete%'])[X]((cct1[s]kind[in]['cast'])[X](ci[X](t[s]production_year[>]1950))))));51.843037128448486;7658143167
[9, 3, 0, 6, 4, 5, 8, 2, 1, 11, 7, 10];((k[s]keyword[in]['superhero', 'sequel', 'second-part', 'marvel-comics', 'based-on-comic', 'tv-special', 'fight', 'violence'])[X]((chn[s]name[not-like]%Sherlock%)[X]((cct2[s]kind[like]['%complete%'])[X]((cct1[s]kind[in]['cast'])[X](ci[X](t[s]production_year[>]1950))))));52.18509316444397;7658147138
[9, 3, 0, 6, 4, 5, 8, 2, 1, 11, 7, 10];((k[s]keyword[in]['superhero', 'sequel', 'second-part', 'marvel-comics', 'based-on-comic', 'tv-special', 'fight', 'violence'])[X]((chn[s]name[not-like]%Sherlock%)[X]((cct2[s]kind[like]['%complete%'])[X]((cct1[s]kind[in]['cast'])[X](ci[X](t[s]production_year[>]1950))))));52.26733636856079;7658144601
[1, 8, 11, 5, 6, 3, 7, 0, 4, 10, 2, 9];((chn[s]name[not-like]%Sherlock%)[X](t[s]production_year[>]1950));48.23292016983032;7658146654
[1, 8, 11, 5, 6, 3, 7, 0, 4, 10, 2, 9];((chn[s]name[not-like]%Sherlock%)[X](t[s]production_year[>]1950));47.009156465530396;7658143455
[1, 8, 11, 5, 6, 3, 7, 0, 4, 10, 2, 9];((chn[s]name[not-like]%Sherlock%)[X](t[s]production_year[>]1950));47.1876904964447;7658145582
[1, 8, 11, 5, 6, 3, 7, 0, 4, 10, 2, 9];((chn[s]name[not-like]%Sherlock%)[X](t[s]production_year[>]1950));48.461886405944824;7658141668
[1, 8, 11, 5, 6, 3, 7, 0, 4, 10, 2, 9];((chn[s]name[not-like]%Sherlock%)[X](t[s]production_year[>]1950));48.14717245101929;7658146763
[9, 2, 6, 10, 7, 4, 3, 5, 1, 11, 8, 0];((k[s]keyword[in]['superhero', 'sequel', 'second-part', 'marvel-comics', 'based-on-comic', 'tv-special', 'fight', 'violence'])[X]((n[s]name[like]['%Tony%Stark%', '%Iron%Man%'])[X]((chn[s]name[not-like]%Sherlock%)[X]((cct2[s]kind[like]['%complete%'])[X]((cct1[s]kind[in]['cast'])[X](ci[X](cc[X]mk)))))));54.79742121696472;7658147255
[9, 2, 6, 10, 7, 4, 3, 5, 1, 11, 8, 0];((k[s]keyword[in]['superhero', 'sequel', 'second-part', 'marvel-comics', 'based-on-comic', 'tv-special', 'fight', 'violence'])[X]((n[s]name[like]['%Tony%Stark%', '%Iron%Man%'])[X]((chn[s]name[not-like]%Sherlock%)[X]((cct2[s]kind[like]['%complete%'])[X]((cct1[s]kind[in]['cast'])[X](ci[X](cc[X]mk)))))));55.43471002578735;7658149027
[9, 2, 6, 10, 7, 4, 3, 5, 1, 11, 8, 0];((k[s]keyword[in]['superhero', 'sequel', 'second-part', 'marvel-comics', 'based-on-comic', 'tv-special', 'fight', 'violence'])[X]((n[s]name[like]['%Tony%Stark%', '%Iron%Man%'])[X]((chn[s]name[not-like]%Sherlock%)[X]((cct2[s]kind[like]['%complete%'])[X]((cct1[s]kind[in]['cast'])[X](ci[X](cc[X]mk)))))));55.50923156738281;7658141979
[9, 2, 6, 10, 7, 4, 3, 5, 1, 11, 8, 0];((k[s]keyword[in]['superhero', 'sequel', 'second-part', 'marvel-comics', 'based-on-comic', 'tv-special', 'fight', 'violence'])[X]((n[s]name[like]['%Tony%Stark%', '%Iron%Man%'])[X]((chn[s]name[not-like]%Sherlock%)[X]((cct2[s]kind[like]['%complete%'])[X]((cct1[s]kind[in]['cast'])[X](ci[X](cc[X]mk)))))));55.0846893787384;7658150063
[9, 2, 6, 10, 7, 4, 3, 5, 1, 11, 8, 0];((k[s]keyword[in]['superhero', 'sequel', 'second-part', 'marvel-comics', 'based-on-comic', 'tv-special', 'fight', 'violence'])[X]((n[s]name[like]['%Tony%Stark%', '%Iron%Man%'])[X]((chn[s]name[not-like]%Sherlock%)[X]((cct2[s]kind[like]['%complete%'])[X]((cct1[s]kind[in]['cast'])[X](ci[X](cc[X]mk)))))));55.3557186126709;7658147723
[2, 3, 0, 11, 6, 10, 1, 4, 5, 7, 8, 9];(k[s]keyword[in]['superhero', 'sequel', 'second-part', 'marvel-comics', 'based-on-comic', 'tv-special', 'fight', 'violence']);53.66512203216553;7658143938
[2, 3, 0, 11, 6, 10, 1, 4, 5, 7, 8, 9];(k[s]keyword[in]['superhero', 'sequel', 'second-part', 'marvel-comics', 'based-on-comic', 'tv-special', 'fight', 'violence']);53.76498794555664;7658143625
[2, 3, 0, 11, 6, 10, 1, 4, 5, 7, 8, 9];(k[s]keyword[in]['superhero', 'sequel', 'second-part', 'marvel-comics', 'based-on-comic', 'tv-special', 'fight', 'violence']);53.68332028388977;7658143229
[2, 3, 0, 11, 6, 10, 1, 4, 5, 7, 8, 9];(k[s]keyword[in]['superhero', 'sequel', 'second-part', 'marvel-comics', 'based-on-comic', 'tv-special', 'fight', 'violence']);53.93351483345032;7658149124
[2, 3, 0, 11, 6, 10, 1, 4, 5, 7, 8, 9];(k[s]keyword[in]['superhero', 'sequel', 'second-part', 'marvel-comics', 'based-on-comic', 'tv-special', 'fight', 'violence']);53.785309076309204;7658144261
[9, 3, 10, 11, 6, 7, 4, 8, 5, 0, 2, 1];((n[s]name[like]['%Tony%Stark%', '%Iron%Man%'])[X](t[s]production_year[>]1950));52.13277244567871;7658155286
[9, 3, 10, 11, 6, 7, 4, 8, 5, 0, 2, 1];((n[s]name[like]['%Tony%Stark%', '%Iron%Man%'])[X](t[s]production_year[>]1950));52.618534326553345;7658150491
[9, 3, 10, 11, 6, 7, 4, 8, 5, 0, 2, 1];((n[s]name[like]['%Tony%Stark%', '%Iron%Man%'])[X](t[s]production_year[>]1950));52.449317932128906;7658140941
[9, 3, 10, 11, 6, 7, 4, 8, 5, 0, 2, 1];((n[s]name[like]['%Tony%Stark%', '%Iron%Man%'])[X](t[s]production_year[>]1950));53.882954359054565;7658143909
[9, 3, 10, 11, 6, 7, 4, 8, 5, 0, 2, 1];((n[s]name[like]['%Tony%Stark%', '%Iron%Man%'])[X](t[s]production_year[>]1950));52.595664978027344;7658148597
[11, 10, 2, 8, 5, 1, 6, 0, 4, 9, 7, 3];(n[s]name[like]['%Tony%Stark%', '%Iron%Man%']);49.4072539806366;7658143563
[11, 10, 2, 8, 5, 1, 6, 0, 4, 9, 7, 3];(n[s]name[like]['%Tony%Stark%', '%Iron%Man%']);49.99310517311096;7658145566
[11, 10, 2, 8, 5, 1, 6, 0, 4, 9, 7, 3];(n[s]name[like]['%Tony%Stark%', '%Iron%Man%']);49.95216464996338;7658147894
[11, 10, 2, 8, 5, 1, 6, 0, 4, 9, 7, 3];(n[s]name[like]['%Tony%Stark%', '%Iron%Man%']);50.132739543914795;7658147212
[11, 10, 2, 8, 5, 1, 6, 0, 4, 9, 7, 3];(n[s]name[like]['%Tony%Stark%', '%Iron%Man%']);50.18812823295593;7658145891
[1, 0, 7, 5, 2, 8, 6, 11, 4, 9, 10, 3];(cct2[s]kind[like]['%complete%']);53.584784507751465;7658142952
[1, 0, 7, 5, 2, 8, 6, 11, 4, 9, 10, 3];(cct2[s]kind[like]['%complete%']);52.92829608917236;7658144020
[1, 0, 7, 5, 2, 8, 6, 11, 4, 9, 10, 3];(cct2[s]kind[like]['%complete%']);53.44209313392639;7658151327
[1, 0, 7, 5, 2, 8, 6, 11, 4, 9, 10, 3];(cct2[s]kind[like]['%complete%']);53.66715431213379;7658152013
[1, 0, 7, 5, 2, 8, 6, 11, 4, 9, 10, 3];(cct2[s]kind[like]['%complete%']);53.28699851036072;7658152315
[2, 4, 8, 6, 1, 5, 7, 11, 3, 9, 0, 10];(kt[s]kind[in]['movie']);51.17957377433777;7658149719
[2, 4, 8, 6, 1, 5, 7, 11, 3, 9, 0, 10];(kt[s]kind[in]['movie']);51.451149463653564;7658147122
[2, 4, 8, 6, 1, 5, 7, 11, 3, 9, 0, 10];(kt[s]kind[in]['movie']);51.3408887386322;7658142271
[2, 4, 8, 6, 1, 5, 7, 11, 3, 9, 0, 10];(kt[s]kind[in]['movie']);51.0022497177124;7658148958
[2, 4, 8, 6, 1, 5, 7, 11, 3, 9, 0, 10];(kt[s]kind[in]['movie']);50.8354754447937;7658146400
[11, 4, 8, 0, 3, 1, 5, 9, 7, 10, 6, 2];((k[s]keyword[in]['superhero', 'sequel', 'second-part', 'marvel-comics', 'based-on-comic', 'tv-special', 'fight', 'violence'])[X]((n[s]name[like]['%Tony%Stark%', '%Iron%Man%'])[X](cc[X]ci)));49.278127908706665;7658144976
[11, 4, 8, 0, 3, 1, 5, 9, 7, 10, 6, 2];((k[s]keyword[in]['superhero', 'sequel', 'second-part', 'marvel-comics', 'based-on-comic', 'tv-special', 'fight', 'violence'])[X]((n[s]name[like]['%Tony%Stark%', '%Iron%Man%'])[X](cc[X]ci)));49.00163793563843;7658145517
[11, 4, 8, 0, 3, 1, 5, 9, 7, 10, 6, 2];((k[s]keyword[in]['superhero', 'sequel', 'second-part', 'marvel-comics', 'based-on-comic', 'tv-special', 'fight', 'violence'])[X]((n[s]name[like]['%Tony%Stark%', '%Iron%Man%'])[X](cc[X]ci)));48.56361722946167;7658143124
[11, 4, 8, 0, 3, 1, 5, 9, 7, 10, 6, 2];((k[s]keyword[in]['superhero', 'sequel', 'second-part', 'marvel-comics', 'based-on-comic', 'tv-special', 'fight', 'violence'])[X]((n[s]name[like]['%Tony%Stark%', '%Iron%Man%'])[X](cc[X]ci)));48.57479524612427;7658152185
[11, 4, 8, 0, 3, 1, 5, 9, 7, 10, 6, 2];((k[s]keyword[in]['superhero', 'sequel', 'second-part', 'marvel-comics', 'based-on-comic', 'tv-special', 'fight', 'violence'])[X]((n[s]name[like]['%Tony%Stark%', '%Iron%Man%'])[X](cc[X]ci)));49.1593816280365;7658143176
[7, 9, 8, 5, 10, 6, 1, 11, 0, 2, 3, 4];((n[s]name[like]['%Tony%Stark%', '%Iron%Man%'])[X](t[s]production_year[>]1950));67.06027793884277;7658142076
[7, 9, 8, 5, 10, 6, 1, 11, 0, 2, 3, 4];((n[s]name[like]['%Tony%Stark%', '%Iron%Man%'])[X](t[s]production_year[>]1950));67.44663882255554;7658148940
[7, 9, 8, 5, 10, 6, 1, 11, 0, 2, 3, 4];((n[s]name[like]['%Tony%Stark%', '%Iron%Man%'])[X](t[s]production_year[>]1950));66.89022397994995;7658141169
[7, 9, 8, 5, 10, 6, 1, 11, 0, 2, 3, 4];((n[s]name[like]['%Tony%Stark%', '%Iron%Man%'])[X](t[s]production_year[>]1950));67.4452075958252;7658143060
[7, 9, 8, 5, 10, 6, 1, 11, 0, 2, 3, 4];((n[s]name[like]['%Tony%Stark%', '%Iron%Man%'])[X](t[s]production_year[>]1950));67.09354400634766;7658148202
[8, 1, 7, 10, 4, 11, 2, 3, 6, 0, 9, 5];((k[s]keyword[in]['superhero', 'sequel', 'second-part', 'marvel-comics', 'based-on-comic', 'tv-special', 'fight', 'violence'])[X](t[s]production_year[>]1950));51.60659146308899;7658147449
[8, 1, 7, 10, 4, 11, 2, 3, 6, 0, 9, 5];((k[s]keyword[in]['superhero', 'sequel', 'second-part', 'marvel-comics', 'based-on-comic', 'tv-special', 'fight', 'violence'])[X](t[s]production_year[>]1950));51.68645167350769;7658142510
[8, 1, 7, 10, 4, 11, 2, 3, 6, 0, 9, 5];((k[s]keyword[in]['superhero', 'sequel', 'second-part', 'marvel-comics', 'based-on-comic', 'tv-special', 'fight', 'violence'])[X](t[s]production_year[>]1950));52.126327991485596;7658143910
[8, 1, 7, 10, 4, 11, 2, 3, 6, 0, 9, 5];((k[s]keyword[in]['superhero', 'sequel', 'second-part', 'marvel-comics', 'based-on-comic', 'tv-special', 'fight', 'violence'])[X](t[s]production_year[>]1950));51.02590012550354;7658153445
[8, 1, 7, 10, 4, 11, 2, 3, 6, 0, 9, 5];((k[s]keyword[in]['superhero', 'sequel', 'second-part', 'marvel-comics', 'based-on-comic', 'tv-special', 'fight', 'violence'])[X](t[s]production_year[>]1950));51.07660913467407;7658145359
[6, 11, 4, 2, 3, 7, 5, 10, 0, 8, 9, 1];(k[s]keyword[in]['superhero', 'sequel', 'second-part', 'marvel-comics', 'based-on-comic', 'tv-special', 'fight', 'violence']);66.3364405632019;7658146873
[6, 11, 4, 2, 3, 7, 5, 10, 0, 8, 9, 1];(k[s]keyword[in]['superhero', 'sequel', 'second-part', 'marvel-comics', 'based-on-comic', 'tv-special', 'fight', 'violence']);66.79622435569763;7658147435
[6, 11, 4, 2, 3, 7, 5, 10, 0, 8, 9, 1];(k[s]keyword[in]['superhero', 'sequel', 'second-part', 'marvel-comics', 'based-on-comic', 'tv-special', 'fight', 'violence']);68.3876440525055;7658149656
[6, 11, 4, 2, 3, 7, 5, 10, 0, 8, 9, 1];(k[s]keyword[in]['superhero', 'sequel', 'second-part', 'marvel-comics', 'based-on-comic', 'tv-special', 'fight', 'violence']);66.70115303993225;7658151181
[6, 11, 4, 2, 3, 7, 5, 10, 0, 8, 9, 1];(k[s]keyword[in]['superhero', 'sequel', 'second-part', 'marvel-comics', 'based-on-comic', 'tv-special', 'fight', 'violence']);67.38420510292053;7658149605
[7, 10, 3, 4, 11, 9, 6, 1, 8, 2, 5, 0];(t[s]production_year[>]1950);65.0324182510376;7658146088
[7, 10, 3, 4, 11, 9, 6, 1, 8, 2, 5, 0];(t[s]production_year[>]1950);65.8979070186615;7658142864
[7, 10, 3, 4, 11, 9, 6, 1, 8, 2, 5, 0];(t[s]production_year[>]1950);64.36602091789246;7658142813
[7, 10, 3, 4, 11, 9, 6, 1, 8, 2, 5, 0];(t[s]production_year[>]1950);65.53947424888611;7658153691
[7, 10, 3, 4, 11, 9, 6, 1, 8, 2, 5, 0];(t[s]production_year[>]1950);64.76710343360901;7658143191
[3, 9, 1, 10, 8, 0, 2, 11, 5, 6, 4, 7];(kt[s]kind[in]['movie']);53.5928099155426;7658151498
[3, 9, 1, 10, 8, 0, 2, 11, 5, 6, 4, 7];(kt[s]kind[in]['movie']);54.202027320861816;7658143025
[3, 9, 1, 10, 8, 0, 2, 11, 5, 6, 4, 7];(kt[s]kind[in]['movie']);53.47581195831299;7658144275
[3, 9, 1, 10, 8, 0, 2, 11, 5, 6, 4, 7];(kt[s]kind[in]['movie']);53.16001605987549;7658141098
[3, 9, 1, 10, 8, 0, 2, 11, 5, 6, 4, 7];(kt[s]kind[in]['movie']);54.01441955566406;7658150428
[11, 6, 4, 9, 8, 1, 3, 10, 0, 2, 7, 5];(n[s]name[like]['%Tony%Stark%', '%Iron%Man%']);53.341925859451294;7658155420
[11, 6, 4, 9, 8, 1, 3, 10, 0, 2, 7, 5];(n[s]name[like]['%Tony%Stark%', '%Iron%Man%']);53.32203030586243;7658142390
[11, 6, 4, 9, 8, 1, 3, 10, 0, 2, 7, 5];(n[s]name[like]['%Tony%Stark%', '%Iron%Man%']);53.266560077667236;7658153777
[11, 6, 4, 9, 8, 1, 3, 10, 0, 2, 7, 5];(n[s]name[like]['%Tony%Stark%', '%Iron%Man%']);53.07791042327881;7658144641
[11, 6, 4, 9, 8, 1, 3, 10, 0, 2, 7, 5];(n[s]name[like]['%Tony%Stark%', '%Iron%Man%']);53.246052742004395;7658143247
[6, 2, 4, 11, 3, 9, 5, 0, 8, 10, 1, 7];(k[s]keyword[in]['superhero', 'sequel', 'second-part', 'marvel-comics', 'based-on-comic', 'tv-special', 'fight', 'violence']);51.888506174087524;7658142141
[6, 2, 4, 11, 3, 9, 5, 0, 8, 10, 1, 7];(k[s]keyword[in]['superhero', 'sequel', 'second-part', 'marvel-comics', 'based-on-comic', 'tv-special', 'fight', 'violence']);52.981690406799316;7658146158
[6, 2, 4, 11, 3, 9, 5, 0, 8, 10, 1, 7];(k[s]keyword[in]['superhero', 'sequel', 'second-part', 'marvel-comics', 'based-on-comic', 'tv-special', 'fight', 'violence']);53.03315877914429;7658143065
[6, 2, 4, 11, 3, 9, 5, 0, 8, 10, 1, 7];(k[s]keyword[in]['superhero', 'sequel', 'second-part', 'marvel-comics', 'based-on-comic', 'tv-special', 'fight', 'violence']);53.24685001373291;7658151930
[6, 2, 4, 11, 3, 9, 5, 0, 8, 10, 1, 7];(k[s]keyword[in]['superhero', 'sequel', 'second-part', 'marvel-comics', 'based-on-comic', 'tv-special', 'fight', 'violence']);52.95653557777405;7658142313
[1, 2, 4, 6, 10, 11, 0, 3, 9, 8, 7, 5];(chn[s]name[not-like]%Sherlock%);51.66942834854126;7658142656
[1, 2, 4, 6, 10, 11, 0, 3, 9, 8, 7, 5];(chn[s]name[not-like]%Sherlock%);51.50182485580444;7658143528
[1, 2, 4, 6, 10, 11, 0, 3, 9, 8, 7, 5];(chn[s]name[not-like]%Sherlock%);51.114259004592896;7658153921
[1, 2, 4, 6, 10, 11, 0, 3, 9, 8, 7, 5];(chn[s]name[not-like]%Sherlock%);51.3851056098938;7658143113
[1, 2, 4, 6, 10, 11, 0, 3, 9, 8, 7, 5];(chn[s]name[not-like]%Sherlock%);51.895806550979614;7658147899
[10, 11, 7, 9, 1, 8, 5, 6, 4, 3, 0, 2];(n[s]name[like]['%Tony%Stark%', '%Iron%Man%']);66.51499915122986;7658147639
[10, 11, 7, 9, 1, 8, 5, 6, 4, 3, 0, 2];(n[s]name[like]['%Tony%Stark%', '%Iron%Man%']);66.84737467765808;7658152664
[10, 11, 7, 9, 1, 8, 5, 6, 4, 3, 0, 2];(n[s]name[like]['%Tony%Stark%', '%Iron%Man%']);66.90208077430725;7658152409
